{"cian": 0.06549306799924448, "cial": -0.1793244978085311, "ciat": -0.06853737346258137, "ver$": 0.1616043038371764, "^gen": -0.05071625032479421, "e pr": -0.21902983622580185, "seni": -0.26974881827735286, "^man": 0.14911527925203405, " tec": 0.06529626114319242, "inis": -0.003764634069929329, " dev": -0.044176458646143946, "spec": -0.13870927685698886, "coor": -0.020455052818867614, "utiv": -0.0755484232391237, "gine": -0.2624901179181722, "ical": -0.05008655717387134, "ojec": -0.11985123214530535, "der$": 0.09217057092114178, "ccou": -0.131405192957478, "list": -0.15662550788234153, "anag": -0.08091533189259881, "teac": -0.07429167116280189, "anal": -0.15241968024272268, "rse$": -0.07966050967945959, "enta": -0.06441991199613062, "cher": -0.05955540628991374, "her$": -0.05663330506472519, "ler$": 0.09823534494981745, "rato": 0.08060972088524432, "oord": -0.019117371581000686, "port": 0.0037093093159588086, "rati": -0.07187170476639526, "evel": -0.056906478729612964, "ordi": -0.01517866976089044, "chni": 0.07072506291858716, "usin": -0.09029574076487767, "ssis": 0.027164069719083805, "urse": -0.1661647384473568, "ent ": -0.11799474006607635, "admi": -0.06447718291834681, "^mai": 0.04383857067507879, "ior ": -0.26138647798890924, "rdin": -0.026616040306974842, "sine": -0.08666636601182054, "lerk": 0.053887960311969074, "hnic": 0.07467477041328419, "^cus": 0.170317746358585, "t ma": -0.0713708989973445, "ve a": -0.02027654289123948, "gene": -0.05509282820902106, "rive": 0.17451499802875148, "duct": -0.06537457691759618, "enan": -0.019333789431317694, "sor$": 0.02352431860312265, "offi": -0.020913439210107576, " coo": -0.04284259437457383, "pera": 0.025906543561275974, "^sal": 0.16407461707719717, " pre": -0.13635193532551426, " pro": -0.11684720260885051, "inee": -0.26511117804913553, "icer": -0.02732453010349767, "perv": 0.06130196468846405, "ines": -0.09368218017597929, "pres": -0.1406992533423983, "ian$": 0.09381553008095089, "oduc": -0.10486928175162902, "red ": -0.04337163325896176, "ware": -0.02188918603432688, "ger ": -0.12541232553361725, "ice ": -0.0408282369743036, "ger$": -0.04402792229777397, "work": -0.03398919933851552, "and ": -0.004760267659608797, "iona": -0.12614141998803685, "cal ": -0.060517095580893354, "alis": -0.16488612671038672, "or o": -0.17285274517376603, "^fin": -0.04679398524199563, "ions": -0.17501628006450876, "^pro": -0.10812478935856618, "e as": 0.04374563582575641, "rodu": -0.10516848359818232, "es m": -0.000570488255454471, "velo": -0.058978032431804994, "ion ": -0.06934247347434752, "^adm": 0.030545429051682227, "irec": -0.24818554825764982, "ulta": -0.12549835101242834, "deve": -0.06053647456011335, "omer": 0.19753660876333967, "stra": -0.07328873229970734, "ener": -0.052921540205800977, "cuti": -0.07357695256153418, "roje": -0.12038281236331017, "ranc": 0.06818904367829015, "nt m": 0.0478504428726243, "inat": -0.017180248316828628, "ter$": 0.004510454740016545, "^ser": 0.08472087864476219, "ter ": 0.004135303292955417, "^sen": -0.2583416524567683, "nt s": -0.06559017103782372, "ker$": 0.0758837770043943, "main": -0.0019726533349535558, "cust": 0.1940150504519771, "anic": 0.00292326306731594, "tor$": -0.00612301695334283, "tor ": -0.20605619041184875, "ject": -0.12409644087037508, "tere": -0.06153446296187015, "ales": 0.11981642235945644, "trat": -0.08850518689882092, "each": -0.0663156938137539, "side": -0.21318407904636683, "edic": 0.07163444369125838, "iden": -0.2343607807567607, "ecia": -0.1387578022635929, "^acc": -0.10525940498146102, "logi": -0.047332402060226375, "rvis": 0.05715107280746956, "^reg": -0.10357465853659154, "rvic": 0.07722171350235074, "^off": 0.025610322316738987, " sup": -0.044666923467548525, "dire": -0.24847243217789572, "uppo": 0.007504384744966064, "rect": -0.24056008537173712, "ontr": -0.10825920645748388, " ass": 0.04756984816025289, "^sr ": -0.16838917440057344, "oper": -0.001838021515756516, "echa": 0.00016043376047258917, "acco": -0.13258264739826853, "r of": -0.18089778962117542, "dina": -0.02320512784436435, "echn": 0.028603653510388405, "enio": -0.2691852342087562, "ity ": -0.025633409500807502, "ate ": -0.07020870662611367, "^rn$": -0.08259459587556872, "tati": -0.03593948692760973, "^tea": -0.0689629733808963, "^tec": 0.004268424305365226, "ance": -0.014602654849797059, "ech$": 0.06776577404106421, "ocia": -0.06884883098007899, "uper": 0.028666150079460717, "rogr": -0.08991719622077365, "elec": -0.030997755198863164, "erk$": 0.030994821170913234, "peci": -0.13853447206208624, "tive": -0.06214513604907701, "serv": 0.08201574271685041, "l ma": -0.09037617468553227, "ed n": -0.06580238990327603, "ank$": 0.2114485253921523, "onal": -0.08937652247918093, "tion": -0.13871956828805665, "xecu": -0.06957472524319064, "mini": -0.09351440292271995, "emen": -0.11258707065179108, "sult": -0.13961715755980109, "ager": -0.06711539252851662, "neer": -0.2580964464400677, "ess ": -0.07824786236348613, "ista": 0.02760444501059256, " ana": -0.16604570885462433, "iste": -0.07790137385346885, "atio": -0.18480036585036963, "istr": -0.04664679947415751, "ctor": -0.17477368338813148, "ativ": -0.04210568868148146, " spe": -0.16290863903101727, "onsu": -0.1489301910419587, " eng": -0.2570757209843362, "exec": -0.07870722412009812, "cer$": -0.05348915806244792, "regi": -0.0818523694791331, "sist": 0.03207050219731844, "viso": 0.06267534099732064, "ist$": -0.0799985813828159, "ons ": -0.09546335081433233, "sale": 0.1201534549560499, "dent": -0.2033618206299379, "tech": 0.04499706229540479, "ssoc": -0.07186750883838133, "nanc": -0.104654560169684, "trol": -0.10594978980306502, "r se": 0.14852351794676144, "nage": -0.07880563634595195, "fina": -0.10836047807565974, "ecto": -0.2033525893540009, "aint": -0.0078675164658506, "ment": -0.13658441183233094, "nsul": -0.13741474475022342, "d nu": -0.059834977583224536, "busi": -0.08457195239237025, "naly": -0.15527666166900067, "syst": -0.20873482216585781, "stor": -0.031643188884707296, "iate": -0.06322079973828743, "stom": 0.189901450904709, "ect ": -0.11216210733663612, "tems": -0.19429119040998755, "ngin": -0.268492930356488, "nal ": -0.1525966349325243, "egis": -0.04469736739776797, " lea": -0.06519168820748433, "^ope": -0.019248650146425295, "gram": -0.08292714056408634, "nist": 0.03468451735130795, "ogra": -0.07295080097537587, "cler": 0.0541235964414426, "ent$": -0.13249071204849594, "tena": -0.009962225501067401, "man$": 0.09714589508096294, "ered": -0.05993892316837002, "coun": -0.15899779978596618, "isor": 0.06007848936649385, "dmin": -0.0794538874485835, "ing$": -0.011711294081478307, "ing ": -0.20598065249798703, "mana": -0.08276728018219348, "s ma": -0.04342995022890728, " man": -0.14702238790048128, " off": -0.034505590466466174, "esid": -0.23024553623454747, "ffic": -0.02038165902779543, "inan": -0.10313234873994359, "ive ": -0.07500855937887918, "ive$": -0.008105671010423698, " nur": -0.13381348496836676, "ting": -0.16202658468040987, "ntan": -0.02876426235721885, "gist": -0.06451522060153092, "alys": -0.1434931016580725, " rep": -0.004635650030920591, "ead ": -0.12452370286461623, "lice": -0.04883983844537543, "ant$": -0.05934206576139189, "ant ": -0.010605132326406697, "ount": -0.1391090191482336, "iver": 0.15622017371486807, "lect": 0.035442020628082105, "tant": -0.0694182478795713, "engi": -0.26900114279956755, "cons": -0.14118548442838286, "cont": -0.08298610419891128, "eral": -0.05083769333941479, "iali": -0.16899509016814518, "ct m": -0.1112468927907515, "erat": 0.031360191024061734, "^exe": -0.1031185068433711, "blan": 0.2123593584154917, " sal": -5.078864858809595e-05, "lity": -0.04863538874068407, "^con": -0.13936162964083687, "ogis": -0.035999928199058395, "nce ": -0.08383091885545957, "ial ": -0.05435596794222919, "ness": -0.09901067307383427, "les$": 0.08319156434946962, "mech": 0.014973561781399525, "^bla": 0.21165400837045434, "driv": 0.16988017710799008, "hani": 0.0048211786462597495, "s an": -0.12542016108805942,