{"cccc": -0.00954835354681638, "CCCC": 0.11014507210719282, "cccp": -0.10651417814821418, " ccc": 0.16620437319133075, " Ccc": -0.1855773000563552, "c cc": 0.1286334167587233, "ccc$": -0.005598814617827408, "^Ccc": -0.0639027407220869, "C CC": 0.09513872118810207, "Cccc": -0.07912365638865504, "cc c": 0.12921004686883197, "ccc ": -0.08872842644831946, "^ccc": 0.2769109734640427, "CCC$": 0.0935706247313437, " CCC": 0.037422113112160815, "CCC ": 0.03282742650148851, "c Cc": -0.18439196751378795, "cc C": -0.1858704472548962, "CC C": -0.09991925505800836, "p Cc": -0.23994688210391057, "^CCC": 0.08664553826897059}