{"cian": 0.06814306409590687, "cial": -0.15505186833034523, "ck d": 0.10390696330694249, "ciat": -0.1097235242656236, "ver$": 0.23559450923370484, "^gen": -0.06830188388678682, "e pr": -0.28454166937812353, "seni": -0.3145079839740821, "^man": 0.16286055928765508, " tec": 0.050575385355442926, " tea": -0.019358261766009743, "inis": -0.03442713370189976, " dev": -0.07288460389417883, "spec": -0.12839533298657946, "sent": -0.004013670033879979, "coor": -0.031275536895307265, "utiv": -0.10855595729148781, "icat": -0.10896519906774138, "gine": -0.2747251410222491, "ical": -0.037661020080062446, "ojec": -0.13748410970881997, "rney": -0.15436718096996227, "der$": 0.08252697845295565, "ccou": -0.16271909448015176, "hous": 0.1547816898840737, "list": -0.12520620435323648, "anag": -0.0894253460483192, "teac": -0.1316421944888031, "anal": -0.170307376799268, "rse$": -0.057991393166502814, "enta": -0.06171952281521209, "cher": -0.10545404400316993, "her$": -0.1038843144820869, "ler$": 0.09390934539746887, "rato": 0.06877779875822565, "oord": -0.03230653099662106, "port": 0.01893162770586576, "rati": -0.09472172673045254, "evel": -0.07817842672743591, "ordi": -0.027523686381273116, "ion$": 0.039578164594435084, "chni": 0.0633278717958623, "usin": -0.13828077726268972, "nsul": -0.12669618014058548, "urse": -0.14994512931434567, "ent ": -0.09878404710826505, "admi": -0.075983927941492, "^mai": 0.09099651603834458, "hera": 0.060192902744731214, "iona": -0.13804640499810494, "ior ": -0.3153828164328889, "^ins": 0.017109457346634827, "rdin": -0.03726759987898687, "sing": -0.05241994967888086, "sine": -0.13558859536054912, "lerk": 0.051481829071903906, "hnic": 0.06488220791988386, "gent": 0.07634376328559922, "^cus": 0.1393784563854652, "t ma": -0.09578660294245278, "ve a": -0.041894091934851385, "gene": -0.07214098307680405, "rive": 0.20529461558897788, "duct": -0.06068065387877031, "enan": -0.011451423431428687, "sor$": 0.023162508112848368, "g ma": -0.20092411101089036, "offi": -0.05433663380883802, " coo": -0.05069649225184536, "^vic": -0.1314308945065017, "pera": 0.023893766133358696, "^sal": 0.16106171941134528, " pre": -0.17470770874799602, " pro": -0.1905976989642122, "inee": -0.27817809771449564, "ices": -0.06947208235668834, "icer": -0.0367941546081636, "perv": 0.06589377669863339, "ines": -0.13901666627230158, "pres": -0.1304943582905005, "ian$": 0.08480135141085121, "re m": 0.019699445729085774, "ontr": -0.11259905801539105, "oduc": -0.1303890265305272, "red ": -0.04270346692697524, "ware": -0.05166155819968621, "ger ": -0.12280933300185781, "ice ": -0.07968414697361403, "ger$": -0.05870372891292286, "per$": -0.06963244556962866, "ory ": -0.004001447090547394, "work": 0.008872083199240599, "oftw": -0.22443378327247077, "and ": -0.041847292959229065, "or a": -0.10663763038081697, "s co": -0.03811534952684559, "cal ": -0.04148454703830673, "alis": -0.14019189776956864, "or o": -0.195580402031315, "^fin": -0.08607448644156879, "ions": -0.15400791623275634, "^pro": -0.12487465400490327, "rapi": 0.07125043331416148, "e as": 0.010318828267845692, "chin": 0.2161664489096249, "rodu": -0.13064746292165452, "tal ": -0.04996239609732944, " of ": -0.21338928944556068, "velo": -0.08935634142671134, "ion ": -0.0517688511157135, "inst": -0.019894979302687688, "^adm": 0.03839615820146003, "arch": -0.19104135136264588, "irec": -0.28325935578635875, "ller": -0.024850166091694437, "ulta": -0.1101262457613017, "deve": -0.08442540183796021, "ient": -0.05049216630780329, "stru": -0.033301533614322754, "secu": 0.03621835964833675, "omer": 0.17764440889979838, "stra": -0.11518412534723188, "ener": -0.06406735338363401, "cuti": -0.10817320698269528, "ncia": -0.09617741386767031, "^eng": -0.10854137993932822, "tore": 0.031722203986673136, "roje": -0.13793258837342925, "^it ": -0.133672883043765, "ranc": 0.045692578579267895, "nt m": 0.020786886159564144, "inat": -0.03203494897203196, "ter$": -0.003836878361838103, "^ser": 0.1339761535860471, "ter ": -0.05253766896907974, "^sen": -0.3044293099828739, "ntro": -0.11623214878466026, "esen": -0.009882963521566257, "ker$": 0.1031005197412953, "main": 0.03787383868584815, "tory": -0.0003479641223389507, "^sec": 0.07116992362868846, "es m": -0.03221422685562558, "cust": 0.147232074324549, "anic": -0.019997556643385206, "les$": 0.09722703526188248, "pmen": 0.01844186684988669, "ther": 0.05870768632753842, "tor$": -0.01645719691199421, "orke": 0.060217136098194235, "tor ": -0.2379270896706922, "ject": -0.14037342747400894, "tere": -0.06052560605992596, "ales": 0.10505232223450278, "trat": -0.12804278864288587, "each": -0.12033191180335523, "olic": -0.08879187517158682, "side": -0.23502525087012982, "edic": 0.09374203021279559, "iden": -0.24284240768271959, "ial ": -0.055815038623073576, "taff": 0.00028584597764380604, "sion": 0.029482506864039415, "logi": -0.06862360237698617, "rvis": 0.06575601707873568, "ruct": -0.0357887008245199, "ruck": 0.09881466175105169, "^reg": -0.11275507778192395, "rvic": 0.05952954538889754, "^off": -0.013424521217890728, " sup": -0.020175685317161296, "dire": -0.28359944809518733, "tati": -0.0015813134587960853, "ofes": -0.09757443249387254, "uppo": 0.0032287239940469448, "rect": -0.26254657024163475, "ces ": -0.06118234098884967, " ass": 0.06176873595804677, "itor": 0.027209703831034826, "^sr ": -0.14808993398731962, "oper": -0.019301650953079452, "echa": -0.023985391608088324, "acco": -0.16366753353121233, "r of": -0.22142669161534867, "dina": -0.03851944860548073, "ng s": -0.026569292192178295, "echn": 0.024755365380428884, "enio": -0.31390622385322997, "twar": -0.22474813753473688, "ity ": -0.03887720605846878, "ate ": -0.12526401650312335, "^rn$": -0.11577837339627584, "e of": -0.08877149587540067, "^tea": -0.13471745623475373, "lega": -0.014423971252616408, "^tec": 0.020672072233792083, "urit": 0.04270103705873307, "ech$": 0.05988700218742071, "ssor": -0.15480992495484625, "ftwa": -0.22443378327247077, "ocia": -0.09693353306208552, "uper": 0.04461313447949378, "rogr": -0.13763691236924602, "part": -0.0474938381058414, "erk$": 0.010304880191295496, "peci": -0.11661732353548926, "tive": -0.0694221978208649, "sign": -0.14376855000129085, "serv": 0.09620896731446216, "l ma": -0.12104758777924518, "ed n": -0.0701857997785651, "nstr": -0.020284395753281892, "onal": -0.10351682517656347, "e di": -0.10609439539493559, "tion": -0.1219712252601628, "xecu": -0.10327575284896051, "mini": -0.12196245828209973, "emen": -0.140739955691648, "sult": -0.12721087279185994, "ager": -0.07640805042133358, "neer": -0.2707672608073808, "ess ": -0.11865911240393556, "agem": -0.10020485674018875, "ista": 0.04692405435076008, " ana": -0.19593282290058278, "iste": -0.0691143039213733, " and": -0.07294226100571777, "arke": -0.05675083841169348, "atio": -0.15617775389849387, "istr": -0.08078595601229566, "ctor": -0.19561843740136053, "ativ": -0.0258024255487892, " spe": -0.12903397034413455, "onsu": -0.13862772575569915, " eng": -0.26381842425999924, "rket": -0.0548881312679792, "exec": -0.10862791687770912, " wor": 0.06277927970847852, "cer$": -0.06487618606337131, "^ele": -0.10123049895985625, "plan": -0.013836717048787861, "regi": -0.08764856458064685, "sist": 0.0482753573397523, "viso": 0.06450413518586728, "esso": -0.1554808715790834, "anci": -0.10126850794535613, "ist$": -0.06244179171961939, "ons ": -0.10554169696168136, "epre": 0.011614912107762443, "ance": -0.008110017497458877, "ons$": -0.10793264100686084, "dent": -0.20144092699225657, "tech": 0.046385904025897595, "ssoc": -0.11355996316123296, "nanc": -0.09247924021781273, "ectr": -0.08037479666237424, "trol": -0.1274389205791926, "r se": 0.14509317563656587, "nage": -0.08653946994496753, "fina": -0.12001930839306851, "ecto": -0.24254618019939933, "ecti": 0.01645994882386992, "aint": 0.044377703852747086, "dica": 0.05793378907206792, "ment": -0.13418319812223567, "ssis": 0.04652817044119484, "d nu": -0.06533636730442449, "busi": -0.13377819831149518,