{"C p ": 0.1273901788161198, " ccp": -0.014479771753161508, " CpC": 0.098517933983770956, " c c": 0.49520928624096561, " ccc": 0.23951541612931093, "CCC": 0.12929803839151655, "nn C": 0.044573679300618618, "c p ": -0.043785895237528738, " nnn": 0.24044011713625046, " Ccp": 0.040322402945615288, "ncc ": 0.13548985509551104, "  Cc": 0.068504924791717769, "cCCC": 0.2235918633904439, " Ccc": -0.089930129187910879, "c pC": -0.07847863262213739, "CCpC": 0.17691691521010755, "CcCc": 0.037248659142524954, " p c": 0.29983485882787475, " cc ": 0.052787040766179238, " pCC": -0.24056407862630858, "c pc": -0.12597958313527835, " Cp ": 0.48439056598681285, "cCcc": 0.18820054526039343, " p C": -0.047510668128800226, " Cc ": 0.2243207659198343, " pCc": -0.01374125388323888, "p Cp": 0.23192199849258666, "CC p": -0.12924166221934508, "ccCC": 0.10731897812881463, "cpp ": 0.21671708467972772, " CcC": 0.031689732922254521, " CC ": 0.013350151284146072, "CpC ": 0.2239300826620334, "CC c": 0.11142842382792439, "p Cc": -0.06199233563849571, "ccCc": 0.24824954782912734, "c n ": 0.30641077881372247, "CC C": 0.089198104088094254, "p CC": -0.0035048783887567936, "C C ": 0.097183012920222467, " CCp": 0.069138122781653877, "CpCp": 0.17292066185409771, "  cc": 0.28993818660435222, "cc n": 0.088430865807747505, "cc p": -0.07238051095222886, " CCc": 0.17494262722757892, "CC n": 0.089760225565782115, "cc c": 0.18644232911254788, "Ccc": -0.062978880086978162, "CpCc": 0.032615796855194112, "n Cc": 0.24065620519744346, "Cp C": 0.1334455254251683, "c nn": 0.12436998631237817, " CCC": 0.16132187495598016, "cc C": -0.099625146118961894, "CpCC": 0.15693725096978595, "ccpC": -0.16577183849316457, "c cc": 0.18949125746002116, "ccc ": -0.025649549963287388, "CCp ": -0.15694047558170299, "c  c": 0.15046509450895229, " C C": 0.46880766376908589, "Cc C": 0.15885794670716891, "cpCC": -0.16816363442186555, "n cc": 0.51186985165597498, "nnn ": 0.013230676650549889, "pCcc": -0.1008796874340474, "c C ": 0.59016197078046106, "ccpc": 0.18182196043767807, "p C ": 0.23593617907141917, "c  C": -0.0074664633930550117, "Cc c": 0.043600853161170239, "p cc": 0.085961070608733703, "cpCc": -0.14201814643393051, "cccp": -0.02377781733176576, "CC": 0.05854652283848516, "pccc": 0.13459565170248089, "c c ": 0.6401155829832339, "c CC": 0.010435808304283256, "cccc": -0.020934149263866608, "CCcc": 0.14563902154464525, "ccp ": -0.021626510007791033, "c Cc": -0.099794885483028839, "cccC": 0.16571191351293146, "c Cp": 0.24055375331771822, "cp C": -0.071372639433638252, "pp C": 0.11850738238006864, "pC C": 0.14839734809474425, "C Cc": 0.011170910481889784, "CccC": 0.38804235132450682, "cpc ": 0.18299950802211251, "Cccp": 0.12757239019257893, "cp c": -0.05195682434030191, "pCpC": 0.062685280437264179, "CcpC": 0.25490993917876192, "C CC": 0.24395309399772325, "Cccc": -0.065998871282271221, "CCC ": 0.15990161635723554, "cc  ": 0.16851500018160603, "cpcp": 0.2329639249535016, "pc c": 0.67141522593476255, "Ccp ": -0.29368670007512554, "CCCC": 0.19821692454310247, " pcc": -0.1552499654353916, "cpcc": 0.14322057006954081, "CCCp": 0.17762842515550936, "pCCC": 0.039221918333673944, "pc C": 0.0090951266324750257, "C cc": 0.3485417689057595, "CCCc": 0.18050355002063423, "Ccc ": 0.18327203715477447, "pCp ": 0.22333182724176881, "ccc": -0.012791951262017154}