{"Cccc": -0.069543404682747667, "CCCC": 0.081525680730669681, "c Cc": -0.14693288394860948, "cccc": -0.0099596375438748552, "cc c": 0.09481613915517384, "ccc ": -0.068288648419378095, " ccc": 0.12226964559483156, "^ccc": 0.19830555334420685, "ccc$": -0.0066529789851186294, " Ccc": -0.14748682752921427, "c cc": 0.094359014861886692, "cc C": -0.14928985185877996, "^Ccc": -0.058611149602611157}