{"cp C": -0.1966673136379482, "^Ccp": -0.11041807059564412, "ccpC": -0.081226393474271852, "C Cc": -0.2025601209511052, "ccc ": -0.057538262659640349, "ccc$": 4.2508073048175277e-06, " ccc": 0.13867965844342622, "Cc C": -0.14776752940461479, "p Cc": -0.24237222784585466, "^Ccc": -0.038771054792396953, "c p ": -0.20908701514835215, "pCcc": -0.12373703918699031, "ccpc": 0.050423597689602584, "C CC": -0.00029328794206451292, "Cccc": -0.049705459609502345, "CCC ": -0.018924937156140409, " CC$": -0.030804177388755072, "CCC$": 0.019351817999643028, "^CC$": -0.049593783572727368, " Ccc": -0.13684199968718858, "cpcc": 0.069853376732265549, "^CC ": -0.21807043354970945, "CC C": -0.10561936940350236, "^ccc": 0.19501765654059744, "cccp": -0.094603822649582003, "pccc": 0.063301616633032687, "Ccc$": 0.024714742852475435, "cc p": -0.20693914792360601, "c CC": -0.12350040359679504, "CCCC": 0.015143304201924668, "Ccp ": -0.10157313828375525, " cc ": -0.22210296841495092, "c cc": 0.10965475998797913, "^Cc ": -0.096725587299927529, "cc c": 0.10802069186893837, "^CCC": 0.024670070083146367, "cccc": -0.0040707164644611105, "ccp ": -0.14240581584480561, "c Cc": -0.13639988369750666, "Ccc ": -0.024639900496850498, " p C": -0.24694020391590055, " CCC": -0.047902206973704065, "cpCc": -0.10327099583415178, "cc C": -0.13683929457041799}