{"Cccc": -0.065568867333953396, " CCC": -0.0014054691481333315, "cccp": -0.12655013035614671, "CCCC": 0.088771449072733599, "CC C": -0.10218231174560266, "C CC": 0.06409814621839649, "CCC$": 0.056722455571090347, "^CCC": 0.051653925278186463, "c Cc": -0.15750783091297427, "cccc": -0.0073170413769156895, "cc c": 0.098069497714217135, "ccc ": -0.075001989905594257, " ccc": 0.13221247147844073, "^ccc": 0.217166923248588, "ccc$": -0.0024357931430030177, " Ccc": -0.16066610494844813, "CCC ": -0.0015585006655252087, "c cc": 0.098417514501379255, "cc C": -0.15927447407308559, "^Ccc": -0.051536181997819508}