{"cp C": -0.31667033960248059, "C Cc": -0.27703587957445563, "ccc ": -0.09182430273324993, "ccc$": -0.0044599240719205291, " ccc": 0.17329278171455842, "p Cc": -0.31448512967296915, "^Ccc": -0.063068278159142732, "C CC": 0.11158530741432049, "Cccc": -0.077877814012290436, "CCC ": 0.056528487816546846, "CCC$": 0.082600016933570775, " Ccc": -0.19382660774697813, "^CC ": -0.25496980035118488, "CC C": -0.087399083014870094, "^ccc": 0.27398224280524142, "cccp": -0.14526195981408963, "CCCC": 0.12367271558029325, " cc ": -0.23817003784042612, "c cc": 0.13031331279205549, "cc c": 0.13089056516350528, "^CCC": 0.09003962243862329, "cccc": -0.0096093371449983422, "c Cc": -0.19166043562085022, " CCC": 0.041022133725721943, "cc C": -0.19278003966088519}