{"rive": [153.88000000000005, 2928, 126387], "cian": [153.89000000000001, 3651, 125664], "cial": [161.13999999999996, 5476, 123839], "ervi": [324.54000000000019, 7692, 121623], "nage": [732.39000000000249, 20574, 108741], "ver$": [164.95999999999998, 3268, 126047], "ant$": [209.25999999999996, 5703, 123612], "ecto": [173.06999999999996, 5802, 123513], "coun": [120.12, 3944, 125371], "seni": [86.919999999999959, 3556, 125759], "^man": [191.41999999999993, 4006, 125309], "ment": [103.96999999999997, 3288, 126027], "inat": [78.749999999999972, 2144, 127171], " tec": [220.05999999999989, 5167, 124148], "^sen": [84.939999999999969, 3439, 125876], "nato": [77.749999999999972, 2116, 127199], "inis": [107.54000000000002, 2899, 126416], "naly": [113.12999999999998, 3718, 125597], "spec": [138.92000000000004, 4500, 124815], "coor": [78.569999999999965, 2117, 127198], "icia": [152.97000000000003, 3685, 125630], "gine": [107.99999999999997, 4182, 125133], "ical": [120.90000000000002, 3238, 126077], "les ": [131.19999999999999, 2958, 126357], "egis": [72.689999999999984, 2027, 127288], "^sup": [105.02, 2309, 127006], "ngin": [107.24999999999997, 4189, 125126], "tor$": [390.95000000000022, 10332, 118983], "ccou": [103.78999999999998, 3304, 126011], "nal ": [58.509999999999984, 2023, 127292], "eer$": [86.549999999999969, 3454, 125861], "tor ": [87.449999999999989, 3239, 126076], "list": [114.22, 3847, 125468], "ales": [221.12999999999994, 4956, 124359], "anag": [737.58000000000254, 20780, 108535], " ope": [119.59999999999999, 2875, 126440], "each": [131.30000000000004, 3794, 125521], "teac": [128.30000000000001, 3749, 125566], "anal": [114.12999999999998, 3728, 125587], "nist": [129.14000000000001, 3227, 126088], "cher": [141.17000000000004, 4023, 125292], "ial ": [75.469999999999999, 2205, 127110], "her$": [138.13000000000002, 3953, 125362], "ffic": [168.40000000000001, 4690, 124625], " coo": [73.819999999999965, 2074, 127241], "rato": [158.58999999999997, 3740, 125575], "oord": [76.819999999999965, 2089, 127226], "ctor": [202.25999999999991, 6476, 122839], "admi": [108.06000000000002, 3223, 126092], "onal": [66.939999999999969, 2057, 127258], " ser": [133.39000000000004, 3190, 126125], "nior": [86.919999999999959, 3568, 125747], "e ma": [132.13000000000005, 3746, 125569], "lead": [68.339999999999989, 2141, 127174], "trat": [88.310000000000002, 2711, 126604], "chni": [150.12000000000003, 3398, 125917], "rvis": [166.51999999999998, 4085, 125230], "^ass": [110.40000000000002, 3182, 126133], "ssis": [191.41, 4809, 124506], "^reg": [81.749999999999986, 2521, 126794], "rvic": [161.99999999999991, 3741, 125574], "urse": [90.839999999999989, 3138, 126177], "inte": [65.119999999999962, 2099, 127216], "ent ": [108.04000000000001, 3399, 125916], "ent$": [100.24999999999999, 3230, 126085], "ive ": [79.449999999999974, 2299, 127016], "ior ": [88.499999999999972, 3599, 125716], " sup": [128.64000000000001, 3636, 125679], "isor": [183.22999999999993, 4502, 124813], "dmin": [100.33, 3078, 126237], "dire": [150.91000000000003, 5381, 123934], "rdin": [75.319999999999965, 2096, 127219], "ache": [127.30000000000003, 3725, 125590], "rect": [170.34999999999999, 5885, 123430], "ster": [81.269999999999982, 2484, 126831], "tant": [256.20999999999992, 7040, 122275], "hnic": [148.37000000000003, 3336, 125979], " ass": [204.02999999999997, 4871, 124444], "ing ": [134.34000000000003, 4629, 124686], "t ma": [149.42000000000004, 4360, 124955], "mana": [738.33000000000254, 20815, 108500], "rse$": [80.569999999999979, 2464, 126851], "s ma": [106.70000000000003, 2780, 126535], " man": [569.51000000000147, 17270, 112045], "oper": [197.70999999999995, 5171, 124144], "acco": [103.78999999999998, 3310, 126005], " off": [112.49999999999999, 3122, 126193], "r of": [55.029999999999973, 2165, 127150], "dina": [76.089999999999975, 2100, 127215], "ions": [93.790000000000006, 3217, 126098], "echn": [174.32999999999998, 4146, 125169], "sor$": [186.39999999999992, 4804, 124511], "enio": [86.919999999999959, 3553, 125762], "offi": [164.15000000000003, 4550, 124765], " dir": [70.939999999999969, 2603, 126712], "nurs": [101.53, 3376, 125939], "pera": [169.44999999999999, 4271, 125044], "^sal": [151.94, 3158, 126157], "^tea": [122.07000000000001, 3558, 125757], "ance": [96.069999999999979, 2546, 126769], " pro": [79.119999999999962, 2737, 126578], "soci": [77.159999999999968, 2170, 127145], "inee": [107.99999999999997, 4181, 125134], "ting": [57.469999999999992, 2013, 127302], "icer": [111.24999999999999, 2984, 126331], "perv": [167.03999999999996, 4082, 125233], "pres": [76.569999999999965, 2574, 126741], "ian$": [159.32999999999998, 3654, 125661], "gist": [111.72, 3071, 126244], "ator": [265.2199999999998, 6598, 122717], "alys": [113.88, 3694, 125621], "ocia": [77.159999999999968, 2168, 127147], "uper": [178.86999999999998, 4596, 124719], "yst$": [98.699999999999974, 3306, 126009], "peci": [123.69000000000003, 4000, 125315], "tive": [132.02000000000004, 3778, 125537], "^dir": [81.719999999999985, 2837, 126478], "ant ": [96.279999999999987, 2535, 126780], "serv": [185.22999999999985, 4262, 125053], "ount": [105.70999999999998, 3413, 125902], "ice ": [198.21999999999994, 5711, 123604], "assi": [194.49000000000001, 4878, 124437], "ce m": [77.61999999999999, 2127, 127188], "ger$": [692.49000000000228, 18898, 110417], "^acc": [66.659999999999982, 2146, 127169], "ner$": [69.669999999999973, 2382, 126933], "iver": [160.13000000000002, 3194, 126121], "fice": [164.15000000000003, 4529, 124786], "cal ": [119.67000000000002, 3226, 126089], "tion": [292.90999999999991, 8782, 120533], "alis": [108.53999999999999, 3719, 125596], "supe": [178.86999999999998, 4604, 124711], "engi": [107.24999999999997, 4192, 125123], "ank$": [420.0, 8752, 120563], "iali": [105.98, 3670, 125645], "ager": [713.08000000000243, 19813, 109502], "neer": [108.99999999999997, 4168, 125147], "^pro": [136.59000000000003, 4199, 125116], "mini": [81.579999999999984, 2547, 126768], "erat": [172.19999999999999, 4298, 125017], "blan": [420.0, 8743, 120572], " nur": [70.839999999999961, 2444, 126871], " of ": [73.539999999999978, 2691, 126624], "ista": [189.70999999999998, 4741, 124574], " ana": [101.64999999999998, 3388, 125927], "atio": [178.21999999999994, 5691, 123624], "irec": [150.91000000000003, 5379, 123936], "istr": [108.18000000000002, 3078, 126237], "nici": [119.12000000000006, 2659, 126656], "rati": [123.69000000000003, 3564, 125751], " spe": [108.52, 3755, 125560], " eng": [83.519999999999968, 3351, 125964], "ecia": [122.69000000000003, 3976, 125339], "cer$": [105.30999999999997, 2959, 126356], "ion ": [144.95000000000002, 4034, 125281], "regi": [92.369999999999976, 2733, 126582], "stan": [188.45999999999998, 4740, 124575], "sist": [192.16, 4799, 124516], "viso": [183.97999999999993, 4507, 124808], " con": [74.989999999999966, 2120, 127195], "ist$": [219.28999999999985, 6330, 122985], "ordi": [77.069999999999965, 2096, 127219], "vice": [190.27999999999992, 4785, 124530], "^bla": [420.0, 8764, 120551], "ons ": [69.249999999999986, 2157, 127158], "driv": [153.13000000000005, 2931, 126384], "lank": [420.0, 8743, 120572], "sale": [221.87999999999994, 5013, 124302], "ity ": [67.96999999999997, 1997, 127318], "dent": [72.57999999999997, 2705, 126610], "tech": [273.69999999999982, 6518, 122797], "stra": [92.810000000000002, 2767, 126548], "lyst": [110.89999999999999, 3607, 125708], "nanc": [74.109999999999999, 2386, 126929]}