{"tor$": -0.047773510115166395, "ank$": 0.26094485537969137, "ger$": -0.058318230871114984, "anag": -0.078599590889487647, "ator": 0.017809318801109697, "^bla": 0.26019112470153782, "ant$": -0.033090972623365023, "lank": 0.26096485424739457, "ager": -0.073594266340861747, "ervi": 0.095339288379443055, "mana": -0.078567167570751995, "nage": -0.075503641138609634, "tech": 0.070077702803515773, "blan": 0.26096485424739457, " man": -0.13797438081753421, "ist$": -0.12283542254029278, "tion": -0.14574636511619365, "tant": -0.030532630414766615, "ctor": -0.27635340728996827}