{"cian": 0.035977674204100918, "cial": -0.095223413936894374, "ck d": 0.079779998587235834, "ciat": -0.088483211522168759, "ver$": 0.17545827905622513, "^gen": 0.025487610337761257, "e pr": -0.23314788942725517, "seni": -0.19212652805690311, "^man": 0.1459384342879031, " tec": 0.021061568943024689, "inis": -0.066317713260745759, " dev": -0.075027300560007948, "spec": -0.10380227753349613, "sent": 0.02286765194339635, "coor": -0.055579646188285814, "utiv": -0.10573552187176993, "gine": -0.19940362590234173, "ical": -0.041899293425476714, "ojec": -0.14427377037322975, "^eng": -0.07169074878911097, "der$": 0.055529454947553347, "ccou": -0.11024614127618104, "per$": -0.092607047301843881, "list": -0.094211654118534494, "anag": -0.052007111727518929, "teac": -0.080170030664002745, "anal": -0.12284574876714682, "rse$": -0.04416293980312247, "enta": 0.0027640145002063576, "cher": -0.069765842754609064, "her$": -0.05954287813168424, "ler$": 0.13911686166805781, "rato": 0.022446339159140294, "oord": -0.052745782504366456, "port": -0.012364911997937433, "rati": -0.070966749094146131, "evel": -0.079476912025750579, "ordi": -0.059038646702061381, "ion$": 0.032057043558237464, "chni": 0.020862100610167911, "usin": -0.10355270034369335, "nsul": -0.075944933760146327, "urse": -0.099857256632396307, "ent ": -0.10407323620620446, "admi": -0.070761070598351239, "^mai": 0.0067271445654326634, "ior ": -0.18707821842697614, "^ins": -0.012908506250803864, "rdin": -0.065767961493313543, "sing": -0.052860849553808986, "sine": -0.095414922901270405, "lerk": 0.044880265706293887, "hnic": 0.017244028132932687, "gent": 0.04978519867072384, "^cus": 0.10564268405050825, "t ma": -0.072285559104070529, "ve a": -0.064455445156281765, "gene": 0.0085525921245932501, "rive": 0.12068672799819735, "duct": -0.058311912577838854, "enan": -0.049805172743973003, "sor$": -0.00042763495758713077, "g ma": -0.14695631184946389, "offi": -0.057422791428700215, " coo": -0.052295236136870038, "pera": 0.049977138594506254, "^sal": 0.091750520114692424, " pre": -0.12225255548834202, " pro": -0.18098506234826051, "inee": -0.19737802107962654, "ices": -0.021081059718011552, "icer": -0.042621023163222915, "perv": 0.011227087014137993, "ines": -0.09007443663680359, "pres": -0.099104464624286237, "ian$": 0.050221774651882711, "re m": 0.085884217223926917, "oduc": -0.099153839543726807, "red ": -0.086471100676412505, "ware": -0.0093686183659764666, "ger ": -0.095695286046524775, "ice ": -0.086492780187079177, "ger$": -0.026745130834430864, "hous": 0.078755989571551055, "ory ": -0.096716017192291837, "work": -0.038670547956854762, "and ": -0.064510410298815657, "iona": -0.087009175128481164, "cal ": -0.055945169450029919, "alis": -0.088118197768330297, "or o": -0.18062004574019852, "^fin": 0.0045713993038423162, "ions": -0.075405923719199741, "^pro": -0.16008666065167088, "e as": -0.044921394641325385, "chin": 0.11546328386011862, "rodu": -0.099432640950582574, "es m": 0.051141688522439832, "velo": -0.083468137385164454, "ion ": -0.07318529822654396, "inst": -0.0081713962011633612, "^adm": 0.010473430379413173, "irec": -0.21379031041807384, "ller": 0.032927723872421488, "ulta": -0.081197536986670649, "deve": -0.085330685063131906, "ient": -0.02386857143520249, "secu": 0.045755956862265634, "omer": 0.13364599446663705, "stra": -0.12589710055734926, "ener": 0.015701987368581971, "cuti": -0.10967546387498039, "ncia": -0.01325052498010626, "tore": 0.081140362911193531, "roje": -0.14476367243581567, "^it ": -0.098990716080798791, "dina": -0.062947819850484699, "nt m": -0.013256819322704949, "inat": -0.066305085582079926, "ter$": -0.025657842078834037, "^ser": 0.11734280497811778, "ter ": -0.052592306333934857, "^sen": -0.17924427560556255, "ntro": -0.10047398541578501, "nt s": -0.024972591448066073, "ker$": 0.071189601420170501, "main": -0.013784028406456539, "tory": -0.062653012102598993, "^sec": 0.052232408040410849, "cust": 0.11556304226395531, "anic": -0.021164564505516292, "pmen": -0.030179167567713439, "tor$": -0.018931702832279296, "orke": 0.021550701122106997, "tor ": -0.23230432557659286, "ject": -0.14794249569931006, "tere": -0.10017262446563002, "ales": 0.072727732835059733, "trat": -0.13268952450163329, "each": -0.0713009511804783, "olic": -0.036342058863842563, "side": -0.1721487547996281, "edic": 0.041676599022489214, "iden": -0.17417919855350661, "ecia": -0.089781476659990478, "^acc": -0.078238748286886928, "logi": -0.068405312396945916, "rvis": 0.011795768927644446, "ruck": 0.084340851287102225, "^reg": -0.12889873134362251, "rvic": 0.038070638552146541, "^off": -0.029208497165034597, " sup": -0.052503016699859906, "dire": -0.21432388373338451, "e of": -0.068155178214396539, "uppo": -0.033019470207573232, "rect": -0.20080142833670855, "ontr": -0.12121102946336526, " ass": 0.013968481592467885, "^sr ": -0.12854756661560307, "oper": 0.0079943576721075438, "echa": -0.026686096532343662, "acco": -0.11145314582753585, "r of": -0.1987984156003022, "ranc": -0.035403422779496374, "echn": -0.012139640061977097, "enio": -0.19177321952003457, "ity ": -0.014783885028580634, "ate ": -0.11393998979926678, "^rn$": -0.11457513545751929, "tati": 0.031025949426652932, "^tea": -0.085479880306656764, "lega": -0.0055290313941509517, "^tec": 0.024854124561229707, "urit": 0.051066693917429795, "ech$": 0.07374871397545224, "ocia": -0.069923796859356901, "uper": -0.0067380068574514063, "rogr": -0.18856660031520267, "elec": 0.025371795240811679, "erk$": 0.0045632589772588439, "l as": 0.074935768729457841, "peci": -0.088848614781292135, "tive": -0.066464543526194131, "serv": 0.085886213892488517, "l ma": -0.045193506524360938, "ed n": -0.083594010619340686, "ank$": 0.13650037890595179, "onal": -0.067504019641875246, "tion": -0.085855523419648527, "xecu": -0.10962440209312652, "mini": -0.12697028209739125, "emen": -0.1163903500691581, "sult": -0.085935100025353428, "ager": -0.039032131522068969, "neer": -0.19288625222923761, "ess ": -0.045563580854405483, "ista": 0.019047661059211407, " ana": -0.14640744134990813, "iste": -0.10131674089791742, " and": -0.084344285960688659, "arke": 0.035642967433743067, "atio": -0.089936160704842116, "istr": -0.09070127581146803, "ctor": -0.16982454933361213, "ativ": -0.019031083793164427, " spe": -0.087436062070134657, "onsu": -0.0999240171649598, " eng": -0.19418230632620359, "rket": 0.036322003626857668, "exec": -0.11322581354284944, " wor": 0.0032374388016318534, "cer$": -0.056593278002326386, "regi": -0.11921554996956552, "sist": 0.02611468032530917, "viso": 0.019808455000922542, "anci": -0.011251976997767255, "ist$": -0.060458402871117034, "ons ": -0.031215842004641114, "epre": 0.029156822691508211, "ance": -0.032775959237713259, "ons$": -0.070878054074872132, "dent": -0.14798562327427156, "tech": 0.019713824720745343, "ssoc": -0.087651682079528559, "nanc": -0.041536383782474484, "ectr": -0.014364598617334856, "trol": -0.11832239214674445, "r se": 0.087934574832121193, "nage": -0.048126039663221931, "fina": -0.021748920870554578, "ecto": -0.20347222236762308, "ecti": 0.014531223600505072, "aint": -0.015348729620721535, "dica": 0.043544735493673326, "ment": -0.097505935539689226, "ssis": 0.024926440736121158, "d nu": -0.08598665951437523, "busi": -0.093460188145168654, "naly": -0.12218440981300915, "syst": -0.15866581471847052, "repr": 0.020979769044762175, "stor": 0.032912593473537033, "iate": -0.075910489282192906, "stom": 0.12861491515582157, "^own": 0.086331701091091784, "ect ": -0.12374225095667102, "ngin": -0.20243954925057661, "nal ": -0.12102253537298635, "egis": -0.088474266719376971, " lea": -0.045838687583792836, "^ope": 0.039209485562165636, "gram": -0.1793371624848703, "nist": -0.068744722854714002, "ogra": -0.17487794627476205, "cler": 0.052012476942895347, "ng m": -0.16126803201407114, "ent$": -0.11606709942578375, "rity": 0.043224853486365067, "tena": -0.0471167729834856, "^par": 0.02281091847575123, "tend": -0.0048862244479268568, "man$": 0.089690260392663479,