{"rive": 0.10130159258024163, "cian": 0.028349236401976174, "cial": -0.06176972906091116, "ervi": 0.0038752281064700078, "ctio": -0.038171431441743842, "nage": -0.03581764940961385, "ver$": 0.14607154831432423, "ant$": -0.016595970579725172, "ecto": -0.1424947782028938, "truc": 0.014513140827707272, "coun": -0.11921636081465259, "roje": -0.050570574136630242, "seni": -0.12994535918521199, "^man": 0.11614822043662665, "nt m": -0.034797607812925069, "ment": -0.10272340815111036, "inat": -0.031945467379279169, "ter$": -0.017016536242292268, " tec": 0.012844823521093396, "d nu": -0.022412585275062291, "^sen": -0.11666932589311774, "nato": -0.029961792158259559, "inis": -0.042402029551195319, "naly": -0.10430473837317455, "spec": -0.046847199483228241, "coor": -0.019815513986935152, "al a": 0.00045518149643664074, "cust": 0.052810302279147514, "icia": 0.020384089768638258, "asso": -0.029875946545252052, "gine": -0.12207337416096742, "les$": 0.059446437186422507, "ical": -0.018737477485864407, "les ": 0.063041062354887156, "ojec": -0.049891210308942835, "ess ": -0.0657932119518434, "egis": -0.037898011790705954, " adm": -0.089538599382150252, "^sup": -0.012168766486130522, "ngin": -0.12530499314085208, "tor$": 0.0044971736959373843, "ccou": -0.091540970844985914, "nal ": -0.079694464506550045, "eer$": -0.12073725880448727, "tor ": -0.14762872104039237, "ject": -0.051588816487445843, "tere": -0.037487739684872068, "list": -0.051702731863275009, "ales": 0.085208308321468529, "anag": -0.039381217382140843, "resi": -0.1183705054586075, " ope": 0.05063023649458831, "each": -0.047969602395364408, "teac": -0.053494167152804639, "anal": -0.10373907401575888, "side": -0.12065938059236947, "nist": -0.028686577408898017, "iden": -0.11936616103038356, "cher": -0.050377185450805495, "ciat": -0.040264564951984383, "ial ": -0.0014306403547283963, "her$": -0.036616092335044037, "ffic": -0.05496260169230105, "ler$": 0.078891180708257291, " coo": -0.016899618206454914, "rato": 0.062793610040780656, "oord": -0.018695703580234646, "port": 0.039760515487665238, "rati": -0.022415854052613593, "admi": -0.036333284001457855, "onal": -0.068337585576617066, " ser": 0.014677013306894082, "nior": -0.13113742497819869, "e ma": -0.0043081675606950753, "lead": -0.064287073127413663, "trat": -0.081085681948984689, "chni": 0.010521096898997051, "rvis": -0.026921839796629321, "^ass": -0.013786480124849287, "ssis": 0.020864896428679724, "^reg": -0.053218396147312053, "proj": -0.048308961029697617, "ered": -0.040362988348376039, "wner": 0.016460293091778322, "rvic": 0.030722560112451891, "urse": -0.044475431861071169, "inte": -0.094646059903696234, "ent ": -0.071563318173926582, "ent$": -0.10858078498624213, "^off": 0.011976679554360103, "ive ": -0.087005959756380591, "ior ": -0.13295230498750454, " sup": -0.048774772286222845, "isor": -0.02352447732638252, "dmin": -0.043825013521001654, "dire": -0.1415684298304174, "rdin": -0.032689664343815039, "ache": -0.054560808169387354, "rect": -0.13636970705422868, "ster": -0.052112880034360209, "tant": -0.0040060497472031997, "hnic": 0.015553580688001389, " ass": 0.037138240674283729, "ing ": -0.090349975091804868, "t ma": -0.067776134419731626, "mana": -0.041458842053937683, "rse$": -0.0079058577093609195, "s ma": 0.024502667038294401, " man": -0.09398762316057141, "^sr ": -0.064268726273831067, "oper": 0.044607363835692304, "acco": -0.092059876998605183, " off": -0.065215113970479077, "r of": -0.10556417654860262, "dina": -0.031162774154223971, "ions": -0.030746481748985754, "echn": -0.0051718122495092445, "sor$": -0.04748112416053063, "er s": 0.042195278231067501, "enio": -0.12994535918521199, "esid": -0.11943982934071062, "offi": -0.047777647455176098, " dir": -0.11199330295240228, "nurs": -0.037291487213605645, "inee": -0.12051738708588422, "pera": 0.082446669202683953, "^sal": 0.066744202004410447, "^tea": -0.061704772968411703, "ance": -0.040916790699208949, " pro": -0.17615515625691236, "soci": -0.029541749403339868, "viso": -0.021357189648394836, "ting": -0.024054550022607035, "icer": -0.040847146628865794, "perv": -0.030294442652501363, "pres": -0.050366358778099585, "ian$": 0.030183685711960173, "ech$": 0.047137271239258371, "gist": -0.050528802585628085, "ator": 0.03619192853671116, "alys": -0.095614597229904952, "ocia": -0.030500571060685822, " rep": 0.059311721236923187, "uper": -0.043937488876255593, "red ": -0.032286036338486923, "yst$": -0.087249971000380011, "mer ": 0.03917354080311064, "peci": -0.037034674680398005, "tive": -0.058875001201103672, "^dir": -0.079182489068863049, "ant ": -0.0071003642874449824, "serv": 0.064138028068674302, "owne": 0.017140086051004033, "ount": -0.10391215658947095, "ice ": -0.075731958877370165, "assi": 0.020991371063665554, "ce m": -0.03880880183131552, "ger$": -0.017340558292502362, "^acc": -0.069184347236788568, " dri": 0.06704692687358893, "ed n": -0.022201714787530413, "ner$": -0.071403617246505124, "iver": 0.1035662306836751, "e as": -0.013969128254954111, "fice": -0.044825704068121475, "cal ": -0.024048202043443823, "ker$": 0.013087138475619042, "tion": -0.066872998312413667, "alis": -0.04354811242603196, "or o": -0.094258440296003165, "supe": -0.044555514161510157, "engi": -0.12556411117524968, "cons": -0.035716497103035039, "ank$": 0.062284241648463468, "iali": -0.043525069796734872, "ager": -0.026041702332314731, "neer": -0.11747586598058435, "^pro": -0.10010546956468636, "mini": -0.07849975989790936, "erat": 0.084490007524555377, "iona": -0.062040193416297296, "blan": 0.061570745138302296, " nur": -0.040639519398611768, " of ": -0.11626167316117453, " sal": 0.049762727616307068, "ista": 0.021339548445582945, " ana": -0.12492746776983088, "iste": -0.036100814717280105, "atio": -0.042754541978857308, "istr": -0.072865793270735946, "nici": 0.026761726914236394, "ctor": -0.12562754189845649, "ativ": 0.0034697547771371795, "ssoc": -0.033575139297763901, " spe": -0.035726263067417108, "nce ": -0.068566019647974485, " eng": -0.12064188371943141, "ecia": -0.037043400446877151, "cer$": -0.048588796557281988, "ion ": -0.07604034644615254, "^adm": 0.030827573025596688, "regi": -0.053281469760323219, "stan": 0.0209463334686526, "sist": 0.023907338467815453, "iate": -0.034427588506533269, "irec": -0.14069025426002524, " con": -0.019673977016976263, "al s": -0.05658491130231269, "ist$": -0.011993288580850248, "ordi": -0.025533917967775821, "vice": -0.020868854954863458, "^bla": 0.059391120024930633, "ons ": -0.020253606315390194, "driv": 0.10120923624710976, "lank": 0.061570745138302296, "sale": 0.08423426699037373, "ity ": -0.005889958899756742, "dent": -0.097412139735504333, "tech": 0.016150632695714595, "ect ": -0.037668818626248157, "stra": -0.081085628351102557, "usto": 0.052268169670602216, "lyst": -0.099493671466001299, "nanc": -0.060471571575427152}