{
    "E36": [
        0.0042070102793761877, 
        0.010600732963221341, 
        0.018759787488024714, 
        0.028296422486170227, 
        0.038856515785936449, 
        0.050119574411496615, 
        0.061798734582918617, 
        0.073640761716165001, 
        0.085426050423092981, 
        0.096968624511454493, 
        0.10811704471397957, 
        0.11870842154560572, 
        0.12867056854863107, 
        0.1381867755349859, 
        0.14715087689151146, 
        0.15545465625165111, 
        0.1632281827701236, 
        0.17024972748268721, 
        0.1766871745842698, 
        0.18277518732458992, 
        0.18866894921546845, 
        0.19419651266926133, 
        0.19934618731043444, 
        0.2043018759480088, 
        0.2090060657873514, 
        0.2134701636543371, 
        0.21760111676578037, 
        0.22145105196101961, 
        0.22494445829674267, 
        0.22806172500534341, 
        0.23078368720848749, 
        0.23309162591711247, 
        0.23496726803142773, 
        0.23639278634091457, 
        0.23735079952432611, 
        0.23782437214968738, 
        0.23782437214968738
    ], 
    "B60": [
        0.00040323062055844336, 
        0.0011265215566615711, 
        0.0021453878456036777, 
        0.003436371546978555, 
        0.0049770417426794932, 
        0.0067459945368992802, 
        0.0087228530561302038, 
        0.010888267449164046, 
        0.013223914887092092, 
        0.015712499563305123, 
        0.018337752693493414, 
        0.021084432515646748, 
        0.023938324290054394, 
        0.026886240299305128, 
        0.029916019848287297, 
        0.033023644152943565, 
        0.03619094393481867, 
        0.039460642650431331, 
        0.042785764320871084, 
        0.046151227323357344, 
        0.049553300003545998, 
        0.052926482969401126, 
        0.05633826692627502, 
        0.05966813140721456, 
        0.063042733876843324, 
        0.066435286771543575, 
        0.069746647815187537, 
        0.073012644760140535, 
        0.076261651061780095, 
        0.079420781609826019, 
        0.082493938053785312, 
        0.085472019291885359, 
        0.088278053736659173, 
        0.091016465612228481, 
        0.093693192021311211, 
        0.096218576295427696, 
        0.098671395250408411, 
        0.1010397549258004, 
        0.10333003367633364, 
        0.10554979354410303, 
        0.1076716088085857, 
        0.1096881741993747, 
        0.11162984197643323, 
        0.11350418025032913, 
        0.11530087087196532, 
        0.11701562876982047, 
        0.11865726106227835, 
        0.12023140946570943, 
        0.12173789195850315, 
        0.12317587285853508, 
        0.1245438628231669, 
        0.12583971884924641, 
        0.12706064427310754, 
        0.12820318877057033, 
        0.12926324835694095, 
        0.13023606538701168, 
        0.131116228555061, 
        0.13189767289485341, 
        0.1325736797796396, 
        0.13313687692215637, 
        0.13357923837462662
    ], 
    "A36": [
        0.00023560915922251436, 
        0.00067349606192063636, 
        0.0012985244532173093, 
        0.0020958795379857759, 
        0.0030510679808495771, 
        0.0041499179061825538, 
        0.0053785788981088444, 
        0.0067235220005028868, 
        0.0081715397169894177, 
        0.009709746010943484, 
        0.011326430629149498, 
        0.013009861195432862, 
        0.014764517194421794, 
        0.016550931902080165, 
        0.018365818876229713, 
        0.02016979021979665, 
        0.021986364762038708, 
        0.023790454735786198, 
        0.025559096438233959, 
        0.027336686287921318, 
        0.029108275204884331, 
        0.03085736778478592, 
        0.032565652911383129, 
        0.034266567576003819, 
        0.035905752101624389, 
        0.037484867832077252, 
        0.039018378707170141, 
        0.04052602367330678, 
        0.041975730722271766, 
        0.043351010940578853, 
        0.044632166044432771, 
        0.045796288379729239, 
        0.046817260922054967, 
        0.047665757276687669, 
        0.04830924167859605, 
        0.048711968992439798, 
        0.048834984712569605
    ], 
    "D36": [
        0.0023069106315984065, 
        0.0060816809112123164, 
        0.011079739164743477, 
        0.01707511446675837, 
        0.023860436640488206, 
        0.031246936257828935, 
        0.039064444639341236, 
        0.047161393854250527, 
        0.055404816720446955, 
        0.063680346804485463, 
        0.071867689844405586, 
        0.079954686825351562, 
        0.087870150717377707, 
        0.09559073009381544, 
        0.10310135896032339, 
        0.11031882642653618, 
        0.11739975059867479, 
        0.12417544057207099, 
        0.13066754125557734, 
        0.13685506366645381, 
        0.14282079491141048, 
        0.14848219154074532, 
        0.1539287880524208, 
        0.15909071594813196, 
        0.16389145731948684, 
        0.16842704963257821, 
        0.1726945463450105, 
        0.17668804135301047, 
        0.1804002685904223, 
        0.183814280463831, 
        0.18690738778567612, 
        0.18965115977425168, 
        0.19201142405370628, 
        0.19394826665404299, 
        0.19541603201111948, 
        0.19636332296664788, 
        0.19673300076819486
    ], 
    "B36": [
        0.0005074944901838521, 
        0.0015345293268819236, 
        0.003025892199648903, 
        0.0049291121382452948, 
        0.0071944595126374172, 
        0.0097749460329974048, 
        0.012626324749703205, 
        0.015707090053338583, 
        0.018978477674693118, 
        0.022404464684762225, 
        0.025971558846424641, 
        0.029626361413730977, 
        0.0333148911604172, 
        0.03705158541014094, 
        0.040803782529971556, 
        0.044533666766959704, 
        0.048254105919844775, 
        0.051950233130533194, 
        0.05556252370050993, 
        0.059066363908538769, 
        0.062437665758249238, 
        0.065712928850212696, 
        0.068923628164292969, 
        0.072048885094249587, 
        0.075058909963628559, 
        0.077905144185399886, 
        0.080650736916230079, 
        0.083286136191678559, 
        0.085790412798022533, 
        0.088141740183695763, 
        0.090313215837974206, 
        0.092272861290976074, 
        0.093983622113661833, 
        0.095403367917834145, 
        0.096484892356137955, 
        0.097175913122060434, 
        0.097419071949930977
    ],