{"cial": 0.055140686739336697, "ervi": 0.073949958218715306, "nage": 0.047783529668350866, "ecto": 0.003109555234609207, "coun": -0.13355214215565159, " sch": -0.16914189034278859, "ment": -0.093522165215302877, "nter": 0.045777847571539354, " tec": -0.11131061899147365, "naly": 0.080683695267531164, "spec": 0.056440848311841485, "gine": -0.21589854106428374, "ical": -0.043092103759680533, "ngin": -0.15320020059856532, "list": 0.35802394725535258, "ales": 0.022874020133428097, "anag": 0.02116575639537821, "each": -0.00043028722621052395, "teac": -0.35790819010418451, "anal": -0.058178456573001913, "ente": 0.031257441045097423, "ity ": -0.29466913644346127, "rato": -0.2453802016311033, "ctor": 0.014220925022194297, "iver": -0.41954911064603628, " ser": 0.072479781796825016, "e ma": 0.23370414104862691, "medi": -0.094013324960026345, "rvis": 0.03649669848752124, "ssis": -0.21354418557446753, "rvic": 0.073142582749112783, "ent ": -0.17423412523767867, "ior ": 0.32377127798863281, " sup": 0.22610171860807293, "isor": -0.46382710546577854, "dire": -0.0062367975361063976, "ache": -0.30440188131525314, "rect": -0.031780422132374753, "alis": 0.2636563170911872, " ass": -0.16856712888914371, "ing ": 0.038009416168667265, "t ma": 0.097589494420469602, "choo": -0.17058225967290097, "mana": 0.059548842584124628, " man": 0.070637208506005411, "oper": -0.1027688841073795, "engi": -0.18209199749132754, "echn": -0.070239345433004363, "hool": -0.17398340074543084, "ffic": -0.012403008631029611, "cher": -0.18576086814839154, " con": -0.0051120401960718098, " com": -0.063887906346998147, "pera": 0.04447182034019237, " pro": -0.068458085498638521, "cent": -0.011305104298174662, "inee": -0.24185344208986992, "perv": -0.40573691075936802, " of ": -0.16984041835867636, "ator": -0.39308617169190629, "alys": -0.031903040551818584, "uper": 0.19802168416410026, "peci": 0.057773185771519575, "tive": -0.12253678673101609, "serv": 0.06402314909044815, "ount": -0.10220421239735433, "ice ": 0.090129506814634386, "assi": -0.4017823708423105, "and ": -0.03187006216105237, "onal": 0.039485279886893654, "fice": 0.0051212421797628416, "cal ": -0.05955907342365574, "tion": -0.071886953690467159, "tant": -0.26095847764317659, "supe": 0.1819378151471458, "ions": -0.044160863064475198, "ager": -0.15696360666085774, "neer": -0.19364019406334121, "sale": 0.084951931031959749, "erat": -0.09092760032999081, "iona": 0.0050079310243309472, "blan": 0.31922798025925347, "ista": -0.51240852928663294, "atio": -0.093579864044137651, "irec": -0.012848364203668527, "istr": -0.19103113320259046, "rati": -0.176790593429069, " inc": -0.12934999122020274, " spe": -0.054804754348016349, "ecia": 0.083939003822244285, "ion ": -0.078081558050928201, "stan": -0.20979906094896039, "sist": -0.073204827208672718, "viso": -0.48232182012286273, "offi": -0.015949353549886247, "vice": 0.061427271953504281, "lank": 0.31992435319031065, "ance": -0.14476392180580211, "tech": -0.12616725532170214, "scho": -0.1675425174372509}