{"engi": -0.16285744877110783, "^sta": 0.18154791104939083, "cial": -0.20863345006453166, "lice": -7.1335432694354583e-05, "ervi": 0.049007465733945571, "her$": -0.091190706105713545, "r se": 0.30642959045771928, "e as": 0.32847489796735491, "ng m": -0.079551447001966258, "coun": -0.11814242227082233, " ": -0.17035460456505047, "^rn$": -0.14245653058972158, "nior": -0.080160349588718899, "^sal": 0.14628503272022761, "^con": -0.15048999881028532, "^tea": -0.22466491815861864, "nanc": -0.15355318429569154, "ner$": -0.24486070781016478, "ting": -0.31110487160000122, "man$": -0.073490669788957103, "s an": -0.035750582800035485, "prod": -0.14510937985991787, "^$": 0.0084066567336806165, " eng": -0.059706367385919612, "rer$": 0.12749543911910088, "reta": -0.013464675077264924, "ior ": -0.027216174697820946, "^car": 0.055135790044377714, "isor": 0.00552484484554057, "dmin": -0.13686262623849116, "^dis": 0.27599138226488285, "dire": -0.13743217415982287, "eer$": -0.30351107811612899, "^pro": -0.049804694247298859, "irec": -0.18390486591844749, "mach": 0.001182682701887575, "ngin": -0.028747936300075046, "ontr": -0.14271579339552326, "ist$": -0.15902910005611484, "are ": -0.038302674122541645, "ger$": 0.0096394538461897789, " ass": 0.069328791728192826, "ce o": -0.029330225440765779, "ing ": -0.031639479449310219, "dent": -0.18590971287084829, "r co": 0.1612583501932201, "tech": 0.023686747082091005, "s ma": 0.051212204011000226, " man": -0.085050642153923925, "tant": -0.012914120982058252, "^sr ": -0.14913221231307}