{"C p ": -0.58902735603999234, "cp C": -0.34364309527912118, "cc n": 0.32025895747739375, "ccpC": -0.29664745553504845, "CpCc": -0.7314095630235129, "C Cc": -0.35353826317351222, "CCcc": -0.087771509967989214, "ccc ": -0.010315218375122726, " ccc": 0.21210251434002814, " CC ": -0.30528164988013495, "C cc": 0.10490086367142437, "CpC ": 0.4114099522732988, "Cc C": -0.17601425755542577, "p Cc": -0.27704061936434465, "cpCC": 0.15529898339466142, "ccCc": 0.031747305914870072, "Cccp": -0.25407345159838934, "c p ": -0.20819208725519234, "Cp C": -0.4286971448012129, "pCcc": -0.40694457789125993, " Ccp": -0.28674154009458475, "c C ": 0.15311755547743466, "ccpc": 0.091109264318195216, "CCp ": -0.44441015042288479, "C CC": 0.13567241272817299, "Cccc": -0.077821359273284596, "CCC ": 0.089144614333315442, "cc  ": -0.15944621027902217, " Ccc": -0.075821528086820411, "c n ": 0.400898013495393, "CC C": -0.11640545621078635, "p cc": -0.051996511180742111, "cpCc": -0.35694184552589414, "cccC": 0.18635686202632229, "cccp": -0.21329942249055245, "c pC": -0.10043867034181586, "pccc": 0.11628859095268052, " CCp": -0.30572492308976296, "CpCp": 0.12184776475664938, "CCpC": 0.12099816719296763, "cc p": -0.23366567667067484, "c CC": -0.29362504245301713, "CCCC": 0.18192196242286984, "Ccp ": -0.24928613258290921, " p c": -0.12350825313600433, " CCc": -0.02447013657734276, " cc ": -0.15858094277420909, "c cc": 0.13422896433441966, "cc c": 0.13542030056604881, " CpC": 0.17476098146270092, "cpcc": 0.16104641987049817, "CC c": -0.080463693583677109, "cccc": -0.01349798676944447, "CCCp": 0.094814265862137592, "pC C": 0.24848076776382078, "cp c": -0.046877735801799325, "CC p": -0.6181960906306494, "pCCC": 0.16672788299851193, "ccp ": -0.32856766995960163, "c Cc": -0.18783345884288094, "cCcc": 0.15137393867484539, "Ccc ": -0.00017073305232528924, "p CC": -0.74307353418264332, " p C": -0.2788677329763023, " CCC": 0.092237272736164666, " Cc ": -0.15961513245995063, "pCp ": 0.21515549645610177, "cc C": -0.1873901683065422, " pCc": -0.21062394449287636, "CpCC": 0.32336749623059413}