{"cian": 0.032794194136894106, "cial": 0.14759543157225585, "ck d": -0.067430009678143943, "ciat": 0.061796146436041699, "ver$": -0.099325039640821622, "^gen": -0.067308443810932594, "e pr": -0.060387619204572029, "seni": 0.076257261122028464, "^man": -0.02166691640202778, " tec": 0.04146578319806693, "inis": 0.046854996148645078, " dev": 0.060652182764571183, "spec": 0.15591231234372782, "sent": 0.069294509447553221, "coor": 0.05670323407743405, "utiv": 0.054502023183820913, "gine": 0.1316152599577094, "ical": -0.043338570054261893, "ojec": 0.096205449415746935, "^eng": 0.078011958045565377, "der$": -0.03604168070299929, "ccou": 0.096334151136460155, "per$": 0.045105168259307327, "list": 0.15359611599022593, "anag": 0.049420344626002866, "teac": -0.13491328598368924, "anal": 0.16484859351207959, "rse$": -0.082756926120381546, "enta": 0.050756389579233563, "cher": -0.1095884021908895, "her$": -0.12189144273492358, "ler$": -0.039543989368803434, "rato": 0.0092158935779007578, "oord": 0.056284117865442518, "port": 0.045542877260591474, "rati": 0.073158003650332315, "evel": 0.060479114876228479, "ordi": 0.05735456824177243, "ion$": -0.057072362587711645, "chni": 0.028852911935280723, "usin": 0.058197062180337156, "nsul": 0.076001517073103209, "urse": -0.076627634682384649, "ent ": 0.014735044328602065, "admi": 0.069740737638026351, "^mai": -0.0046773091331360206, "ior ": 0.073568926646435662, "^ins": -0.014486631087500257, "rdin": 0.062831147926169617, "sing": -0.021984080238293568, "sine": 0.051992639663821283, "lerk": 0.059317397079366341, "hnic": 0.031266011131150684, "gent": 0.036252034407462386, "^cus": 0.034305081702919349, "t ma": 0.082629363553611501, "ve a": 0.052051480665935568, "gene": -0.054856667750324384, "rive": -0.085252905882495789, "duct": 0.041529183617782905, "enan": -0.0011576562465922535, "sor$": -0.0037390857129735444, "g ma": 0.018138404091009086, "offi": 0.059850239111837844, " coo": 0.034664526208388224, "pera": 0.010133131357515257, "^sal": -0.033764458443007239, " pre": -0.044353298114876427, " pro": 0.046884139880543518, "inee": 0.13596233823579951, "ices": -0.0022537262213031539, "icer": 0.045219023746696951, "perv": -0.0016048217026964906, "ines": 0.047168634870447423, "pres": -0.032801934137024702, "ian$": 0.033396868601921703, "re m": 0.012178431607953399, "oduc": 0.024397625552240232, "red ": -0.038901090784029702, "ware": 0.050730385849902415, "ger ": 0.013545290147623845, "ice ": 0.066510141216820085, "ger$": 0.054115773622581465, "hous": -0.018645237508787993, "ory ": 0.023034765616687825, "work": 0.011858502054328923, "and ": -0.037155272875004197, "iona": 0.086653060949022365, "cal ": -0.037178562391686043, "alis": 0.17057440945049018, "or o": 0.055240415031882595, "^fin": 0.058548271578171107, "ions": 0.095301944665834304, "^pro": 0.10042893250292395, "e as": 0.030941923009739636, "chin": -0.050622636231515639, "rodu": 0.026265947763644881, "es m": 0.016340521834244282, "velo": 0.068764307053566398, "ion ": 0.018471047382462302, "inst": -0.044944085403436862, "^adm": 0.017347774110583192, "irec": -0.01533903687078908, "ller": -0.028309563782491498, "ulta": 0.076821682093518362, "deve": 0.069194227661073304, "ient": 0.054062385529838775, "secu": 0.011269140682308887, "omer": 0.040115956195960756, "stra": 0.082540867477293167, "ener": -0.056966765062676838, "cuti": 0.058418031224308997, "ncia": 0.032572524328331909, "tore": 0.022104427784112257, "roje": 0.097478872024189256, "^it ": 0.11090508902924179, "dina": 0.060806629719801997, "nt m": 0.0098872208130251771, "inat": 0.061787088597167195, "ter$": 0.011103418268973542, "^ser": -0.0600084264363554, "ter ": 0.019745646317022914, "^sen": 0.080742037276112066, "ntro": -0.011664105798817381, "nt s": 0.016953075631597425, "ker$": 0.033383739390160816, "main": -0.0060386502997511471, "tory": -0.016277125239716916, "^sec": 0.0012200180736181565, "cust": 0.036825770528662982, "anic": 0.0052685318621716881, "pmen": 0.0058626840850970474, "tor$": -0.0041843747512597673, "orke": -0.042002878726207893, "tor ": 0.036940255507537767, "ject": 0.099572479949346482, "tere": -0.033534599661195319, "ales": -0.0060495097535997466, "trat": 0.083599784713409342, "each": -0.12288657267857328, "olic": 0.038679840301326429, "side": -0.075619499500925613, "edic": -0.010024978106590421, "iden": -0.096451188515505049, "ecia": 0.16333496516540902, "^acc": 0.068412948592098122, "logi": 0.021678957703466839, "rvis": -0.0032845399826917365, "ruck": -0.075933560580961679, "^reg": 0.003798888602720929, "rvic": 0.060483368530821924, "^off": 0.034082649192292536, " sup": 0.041689059891550251, "dire": -0.016940547691265184, "e of": 0.033137647896058553, "uppo": 0.046785167030259256, "rect": -0.0093763065512524335, "ontr": -0.010447282721221196, " ass": 0.0216239091566921, "^sr ": 0.1027448364580823, "oper": 0.048883289992342149, "echa": -0.0070093961926422921, "acco": 0.098856750774013902, "r of": 0.03726734160252887, "ranc": 0.081092334007488054, "echn": 0.046257747149748063, "enio": 0.07531125959840046, "ity ": -0.0090306936766197943, "ate ": 0.0043509027084751573, "^rn$": -0.027027893696614846, "tati": 0.04371889549278718, "^tea": -0.12051259809088011, "lega": 0.13397177186247133, "^tec": -0.021259132561615157, "urit": 0.0087990025239355063, "ech$": -0.020488717108086085, "ocia": 0.054258349685474716, "uper": -0.024266901626357917, "rogr": 0.077210719710630649, "elec": 0.027973221502907819, "erk$": 0.050816881581372542, "l as": -0.00025668521793686949, "peci": 0.16104135532516395, "tive": 0.07559274194646326, "serv": 0.039154890443847901, "l ma": -0.0045938194487131767, "ed n": -0.044810406544034453, "ank$": -0.28865746561142025, "onal": 0.11629057005631704, "tion": 0.061923945903028521, "xecu": 0.058700516025372629, "mini": 0.077771128218552477, "emen": -0.0035676876741219665, "sult": 0.081746231846878237, "ager": 0.05336367246042828, "neer": 0.13374512199768573, "ess ": 0.049205755668291662, "ista": -0.02793698459215932, " ana": 0.17048746560325467, "iste": -0.04434004841111161, " and": -0.046667250513844127, "arke": 0.026538727429872289, "atio": 0.073635145189998807, "istr": 0.064206941685148955, "ctor": -0.019837630680483276, "ativ": 0.047814388421209664, " spe": 0.15416943433354047, "onsu": 0.075795754139524885, " eng": 0.10715251908374568, "rket": 0.024604192183235618, "exec": 0.057809724963854503, " wor": -0.044177579044168525, "cer$": 0.043954442146000083, "regi": -0.01864888307858692, "sist": -0.029923231871172629, "viso": 0.0034195119488709125, "anci": 0.029469591651599902, "ist$": 0.082499021244503368, "ons ": 0.084783135769436857, "epre": 0.067319109281702705, "ance": 0.021180373185357038, "ons$": 0.031134413183104837, "dent": -0.12800122898627908, "tech": 0.035932561644105299, "ssoc": 0.066603699043175091, "nanc": 0.040671238598758208, "ectr": 0.014703887022002426, "trol": -0.00042894794388637081, "r se": 0.081932285839736441, "nage": 0.053384969473659893, "fina": 0.05351200380003629, "ecto": -0.0064827240486087234, "ecti": 0.017024549731266436, "aint": 0.0025077405123714591, "dica": -0.019103073782321012, "ment": 0.019044120094578787, "ssis": -0.029521326071675791, "d nu": -0.048243829559397877, "busi": 0.056039894494256171, "naly": 0.16478307635637135, "syst": 0.11571283028523105, "repr": 0.069149010414103484, "stor": 0.020836906190803806, "iate": 0.061219162403909788, "stom": 0.044055167594526434, "^own": -0.21461932175127352, "ect ": 0.081720869884929881, "ngin": 0.12794901566018768, "nal ": 0.13668757965042388, "egis": -0.04420744342159022, " lea": 0.022381469064604254, "^ope": 0.011949096069823195, "gram": 0.07898124517084204, "nist": 0.052092777481219432, "ogra": 0.049818383652509457, "cler": 0.048251203572385215, "ng m": 0.017604800429668277, "ent$": -0.044449506074449641, "rity": 0.010670329578375881, "tena": -0.0027391014007092096, "^par": 0.031133509377676116, "tend": -0.048328207014118885, "man$": -0.02473848223210684, "ered": -0.032042840263103667,