{
    "E36": [
        0.013215400360933549, 
        0.02554930700440209, 
        0.037202259494566528, 
        0.048347996959440906, 
        0.059133458090892391, 
        0.06967878114464128, 
        0.080077303940261024, 
        0.090395563861178183, 
        0.10067329785467245, 
        0.11092344243187674, 
        0.12127983152614873, 
        0.13142097034987954, 
        0.14112675711205439, 
        0.15045474998028976, 
        0.15935058812940978, 
        0.16771327539174075, 
        0.17566782869116693, 
        0.18336424085883846, 
        0.19069723668818087, 
        0.19764959851797922, 
        0.2042255213530999, 
        0.21042323506720734, 
        0.21626371199717764, 
        0.22169371728907589, 
        0.22661926317249009, 
        0.23106497055753214, 
        0.23509542795179467, 
        0.23865248048340326, 
        0.2417076136614324, 
        0.24427236581510034, 
        0.24636743422370003, 
        0.24802267511659898, 
        0.24927710367323944, 
        0.25017889402313831, 
        0.25078537924588706, 
        0.25116305137115191, 
        0.25138756137867369
    ], 
    "B60": [
        0.0047898161725869826, 
        0.010092808413654751, 
        0.015869959824307764, 
        0.022082880591467759, 
        0.028693807987873764, 
        0.035665606372082083, 
        0.04296176718846631, 
        0.050546408967217321, 
        0.058384277324343273, 
        0.066440744961669601, 
        0.074681811666839043, 
        0.083074104313311609, 
        0.091584876860364595, 
        0.10018201035309257, 
        0.1088340129224076, 
        0.11753186943055491, 
        0.12615629790016819, 
        0.13474237309513498, 
        0.14329701218016308, 
        0.15166736797671015, 
        0.15990360724819133, 
        0.16800206280892466, 
        0.17601801437290451, 
        0.18386604183603195, 
        0.19156944634520259, 
        0.19906516597396276, 
        0.20642890102070025, 
        0.21362386336092046, 
        0.22060873016424848, 
        0.22747605777183497, 
        0.23411178895256549, 
        0.24053249958873568, 
        0.24673503418105103, 
        0.25267030457941059, 
        0.25843924808207597, 
        0.26390122633679364, 
        0.2691754457144952, 
        0.27422298182700666, 
        0.2790048108038875, 
        0.28349136675984349, 
        0.28773321466935803, 
        0.29181035806718231, 
        0.29558852484438508, 
        0.29906221636139774, 
        0.3023037963246854, 
        0.30529220034095955, 
        0.30804017980118026, 
        0.31056429098301092, 
        0.31286895465375891, 
        0.31495845938653189, 
        0.31683696156023772, 
        0.31850848535958459, 
        0.31997692277508094, 
        0.32124603360303561, 
        0.32231944544555757, 
        0.32320065371055623, 
        0.32389302161174122, 
        0.32439978016862248, 
        0.3247240282065102, 
        0.32486873235651487, 
        0.32486873235651487
    ], 
    "A36": [
        0.0068975126765991246, 
        0.014231396389815586, 
        0.022027249117715975, 
        0.030298167597388855, 
        0.03904474732494477, 
        0.048255082555516235, 
        0.057904766303257735, 
        0.067956890341345735, 
        0.078362045201978675, 
        0.089058320176377048, 
        0.10003866399700349, 
        0.11107256491142982, 
        0.12201750892821736, 
        0.13272561773096841, 
        0.14316159236261955, 
        0.15332828480018967, 
        0.16320992967793591, 
        0.17282637070901996, 
        0.18204345809385652, 
        0.19080531054228261, 
        0.19905090946290549, 
        0.20683132501746382, 
        0.21412587356155297, 
        0.22091608490352715, 
        0.22715857027427444, 
        0.23288252223347744, 
        0.23794687310720497, 
        0.24240233847692258, 
        0.24624682690035288, 
        0.24949228585832242, 
        0.25215876555387101, 
        0.25427441891225155, 
        0.25587550158093025, 
        0.25700637192958653, 
        0.25771949105011294, 
        0.25807542275661527, 
        0.25814283358541251
    ], 
    "D36": [
        0.010933168391334767, 
        0.021727984662743019, 
        0.032458514525312315, 
        0.04318354343125419, 
        0.053946576573904163, 
        0.064775838887721746, 
        0.075684275048290423, 
        0.086669549472317656, 
        0.097714046317634903, 
        0.10878486948319768, 
        0.1199955936704441, 
        0.13092781328126946, 
        0.14165923587115634, 
        0.15193039629010346, 
        0.16170278907194446, 
        0.17105302573988948, 
        0.17988894712062825, 
        0.18840078450137798, 
        0.19662662034493716, 
        0.20440062079752158, 
        0.21171603728335478, 
        0.21862254380620971, 
        0.22506558277112901, 
        0.2310841495656564, 
        0.23659739750034481, 
        0.24164106094771326, 
        0.24616367682307541, 
        0.2501653669555331, 
        0.25364626380368488, 
        0.25661373925301845, 
        0.25908048129492445, 
        0.26106449402669668, 
        0.26258909765153193, 
        0.26368292847853014, 
        0.26437993892269424, 
        0.26471939750493023, 
        0.26474588885204725
    ], 
    "B36": [
        0.0072851468827556621, 
        0.015027016567296041, 
        0.023252567544872666, 
        0.031975391450818305, 
        0.041195713064546974, 
        0.050900390309553914, 
        0.061062914253415604, 
        0.071643409107789768, 
        0.082588632228415365, 
        0.093831974115112654, 
        0.1054173056390017, 
        0.1170589572299732, 
        0.12858208091333773, 
        0.13989159961962161, 
        0.15078504829314282, 
        0.16128176425105809, 
        0.17128996973363089, 
        0.18094293579461962, 
        0.19021882429488582, 
        0.19901201418139094, 
        0.20729861118931067, 
        0.21508099180702572, 
        0.22235138246325559, 
        0.22912301776309146, 
        0.23534392916563318, 
        0.24099781139537022, 
        0.24607101713589877, 
        0.25055045415931809, 
        0.25445649436826612, 
        0.25779580626850201, 
        0.26057912867507832, 
        0.26282127071234107, 
        0.26454111181392964, 
        0.26576160172277685, 
        0.26650976049110886, 
        0.26681667848044532, 
        0.26681667848044532
    ],