{"C p ": -0.26282635474090998, "^CCc": 0.089945631928335601, " ccc": 0.15623773778837968, "Cpn$": -0.043682727922258913, "c p ": -0.03487763041921621, "Cp C": -0.21365686938191208, "ncc ": -0.0041015758251301548, "  Cc": 0.0048510038722380244, " Ccc": -0.18665601529459774, "c pC": 0.031718235071733769, "CCpC": 0.14325756000895673, " p c": -0.047208270819211862, " cc ": -0.21747385699392918, "cCcc": 0.057382165745635927, " p C": -0.11526144972621966, " Cc ": -0.15616019131480385, "c n$": 0.40828095713504586, " pCc": 0.0066647191209399104, "^Ccp": -0.3426002806867352, "CC p": -0.27946567374487463, " CC ": -0.13238436441193002, "CpC ": 0.12202641862320585, "CC c": -0.15337141220951978, "p Cc": -0.25037792392534763, "^Ccc": -0.055995912365112144, "ccCc": -0.0068091846702662551, "^CC$": 0.040018812933706016, "^CC ": -0.39806326956849203, "CC C": -0.15621914737086406, "p CC": -0.35835794622057771, "^ccc": 0.26452355781301051, "cc  ": -0.13980505003524168, "CpCp": 0.0085767065100395001, "cc p": -0.060018126699100005, "cc n": 0.3365168052426859, "^Cc ": -0.14543087282402256, "cc c": 0.12114236292933001, "CpCc": -0.40853063936608569, "n Cc": 0.12115334315035309, "^CCp": 0.047000534475396538, "^cc$": -0.11091031271506768, " CCC": -0.026271084918489063, "^cc ": 0.33467645498198584, "cc C": -0.1871965833961089, "pCp ": 0.10968150534582355, "ccpC": -0.33081843594844695, "c cc": 0.12048783011385922, "ccc ": -0.090119587917155908, "CCp ": -0.2775774740334116, "ccc$": -0.0060654315724106844, "Cc C": -0.16942160048014498, "cpCC": -0.17408967025272215, "c C$": 0.12417583075872907, "pCcc": -0.3718766069140873, "ccpc": 0.10773997389589107, "^CCC": 0.094920032407007859, "Cc c": -0.0043445663874295271, "p cc": 0.0080954411407447857, "cpCc": -0.32863135427110013, "cccp": -0.24422389858650684, "pccc": 0.15701477430548749, "c CC": -0.21148708996179177, "cccc": -0.012653909629021687, "ccp$": -0.30349974194166185, "ccp ": -0.29542451744364895, "c Cc": -0.18938857697057898, "cccC": 0.036895249564462773, "cp C": -0.36811782168354412, "pC C": 0.14980598273028134, "C Cc": -0.28720001772132386, "CCcc": -0.060690881995875134, "^Cpn": -0.082093426935857305, "cpc ": -0.24846755317307379, "Cccp": -0.24381342447219323, "cp c": 0.022774976394312141, "C CC": 0.0091466814395348983, "Cccc": -0.069360725929748401, "CCC ": -0.022130578652274746, " CC$": -0.2337091242772269, "^CpC": 0.12381500620734176, "CCC$": 0.092468632754712843, "Ccp ": -0.30185877831604335, "CCCC": 0.076876735228744941, "cpcc": 0.17382163517538407, "CCCp": 0.10780181352990814, "pCCC": 0.14107738152486826, "pc C": -0.22314355131420971, "C cc": 0.014847560964859507, "Ccc ": -0.14377258273860694, "Ccc$": -0.068887176665062722, "CpCC": 0.29756905210936946}