{"cccc": -0.012879471519598784, "CCCC": 0.12353943570949522, "cccp": -0.12221376551932295, " ccc": 0.14912952619108344, "c cc": 0.11397870576089497, "ccc$": -0.008043685066328354, "^Ccc": -0.061214368492259474, "c Cc": -0.1888371252819283, "Cccc": -0.07622892181581475, "cc c": 0.1134781948636241, "ccc ": -0.09700554369295578, " Ccc": -0.19030469822544216, "CCC$": 0.11033664372134089, " CCC": 0.05104022465071578, "CCC ": 0.056198116826761346, "^ccc": 0.2503263516174252, "cc C": -0.19004956897579373, "CC C": -0.06482040865509031, "^CCC": 0.10985943017173794}