{"^sto": 0.07280104036855262, "^sta": 0.017613201316111216, "cian": 0.06949656052528885, "cial": -0.15545793199610403, " des": -0.05613317256829031, "ck d": 0.1109799994755698, "ciat": -0.16488833249415435, "ver$": 0.25275608659817195, "^gen": -0.02053370495658413, "e pr": -0.3412665595733775, "seni": -0.3006727909734557, "inic": -0.08967833365950595, "^man": 0.16408957813165115, "r co": 0.0188718970930557, "trol": -0.13138613180244407, " tec": 0.062136496491457915, " tea": -0.03201028996196653, "inis": -0.07096346100103634, " dev": -0.10147965598249131, "spec": -0.12802911801479455, "sent": 0.019972098467371246, "coor": -0.03151566911121195, "comm": -0.0727159515557152, "utiv": -0.14619721174224498, "icat": -0.09578186570537195, "gine": -0.3124872707889028, "ical": -0.060752190784268745, "ojec": -0.213259168543956, "rney": -0.17969063446492406, "der$": 0.06818176213533178, "ccou": -0.17825387639540669, "hous": 0.14272816017528633, "list": -0.11320971415867565, "iter": -0.008930938886492434, "anag": -0.07958768398953797, "teac": -0.15389128813810382, "anal": -0.1598886094489771, "rse$": -0.053800430936084886, "enta": -0.027851396070417866, "cher": -0.13392673315407633, "her$": -0.13020022857845248, "ler$": 0.07946564259801514, "rato": 0.04305244318653578, "oord": -0.03116865277924541, "port": 0.021333123625067785, "ctor": -0.24559161768268067, "evel": -0.10757785116321328, "ecto": -0.3001343276323887, "ordi": -0.03196844210305194, "ion$": 0.02941299129463948, "chni": 0.06022844423196849, "chno": -0.10705304373547664, "usin": -0.14885015368082444, "nsul": -0.09945926857218534, "urse": -0.14540665704001565, "ent ": -0.12928539327416777, "admi": -0.10407026348763937, "^mai": 0.08199772218979273, "hera": 0.055007933133067066, "iona": -0.09287809550005255, "ior ": -0.30129287739202537, "^ins": 0.0013074213999590967, "rdin": -0.04090937538289996, "sing": -0.035352893747192304, "sine": -0.1439623387468587, "lerk": 0.08496029345572564, "hnic": 0.059741535255913636, "alit": -0.0811155314046923, "gent": 0.04114930702960562, "^cus": 0.15996380039251168, "t ma": -0.11937759339953757, "ve a": -0.0519663214520274, "gene": -0.030243706459742725, "rive": 0.20799497036906933, "duct": -0.06524041758985133, "enan": -0.011384804927237813, "sor$": 0.02605440817935456, "g ma": -0.20820809307751542, "offi": -0.02966645069765228, " coo": -0.03709188067662961, "^vic": -0.18514033344638303, "pera": 0.03184341845504157, "^sal": 0.13122568677571067, " pre": -0.1958618394330136, " pro": -0.23069449853662993, "inee": -0.3100847227017245, "ices": -0.052129977550297024, "icer": -0.012303911127390599, "perv": 0.07840553749353818, "ines": -0.14651315811525656, "pres": -0.14486967847325305, "ian$": 0.08174022222146471, "re m": 0.06468810151876925, "ontr": -0.12776183732412072, "oduc": -0.1256979601864896, "red ": -0.05157513659854862, "ware": -0.08619220430857588, "or s": -0.06567705442126748, "ger ": -0.14114273610779904, "ice ": -0.0757571079891135, "ger$": -0.0508489574830544, "per$": -0.06575565268965322, "ory ": -0.0028893612010914005, "ine ": 0.0926511023280403, "work": -0.008893383395745857, "oftw": -0.2510460423069776, "and ": -0.08289422085098064, "or a": -0.13397999513432746, "s co": -0.013092774933874285, "cal ": -0.06712519403268935, "t pr": -0.13354017579529165, "alis": -0.1303146883379913, "or o": -0.21846548235867136, "^fin": -0.09066639099275697, "ions": -0.13386356694324109, "^pre": 0.010474069599232916, "^pro": -0.15641020672968908, "rapi": 0.05890958786439349, "e as": -0.002573345303992891, "chin": 0.193548500528558, "rodu": -0.1259372247369437, "chie": -0.12113929382863908, "ilit": -0.02709876689663604, "tal ": -0.050732018167467974, "es a": 0.03766978201615245, " of ": -0.23713328183732552, "ion ": -0.05428218575774846, "inst": -0.017028695284391215, "^adm": 0.040364146592185346, "arch": -0.2113073800843992, "irec": -0.33571633352999397, "ller": -0.018053292811738064, "ulta": -0.08083653558217696, "ice$": 0.11125424538725426, "deve": -0.1165627863615839, "ient": -0.0627138801407292, "stru": -0.05163966933447872, "secu": 0.050296680305760066, "omer": 0.17878227105009126, "stra": -0.15726320880458777, "ncip": -0.20434585089930435, "ener": -0.020197808580779686, "echa": -0.04630434399389394, "cuti": -0.14641142997663037, "ncia": -0.11407084096954856, "gion": -0.14898242297428288, "^eng": -0.12246933970336249, "tore": 0.06890650274161603, "roje": -0.21366784820264018, "^it ": -0.11967847031182233, "ranc": -0.01108306281243765, "nt m": -0.005718563120505671, "nt c": -0.03136308076972627, "inat": -0.03665752022083968, "torn": -0.20569794756282, "^ser": 0.18602023092412123, "ter ": -0.06984927938970609, "^sen": -0.29040261345062346, "ntro": -0.12676164702762183, "nt s": -0.014678988106664015, "ker$": 0.1253502498300625, "main": 0.04245910968242983, "tory": 0.010663252327707262, "^sec": 0.06314628161222835, "es m": -0.01233263530553197, "cust": 0.1627534342894963, "anic": -0.03643152487861334, "les$": 0.08740271332658889, "pmen": -0.017985507427145997, "ther": 0.05514447129615174, "tor$": -0.051385630468797405, "orke": 0.06744017362404531, "tor ": -0.2922127127431198, "ject": -0.21627476919371658, "tere": -0.06704336670162991, "trai": -0.038819907162505274, "ales": 0.09472275212132786, "trat": -0.16609780069142488, "ttor": -0.20701563680307578, "each": -0.1430021238908208, "olic": -0.07019317689738047, "side": -0.260980311472379, "edic": 0.06790929913360388, "iden": -0.28089074807778225, "ial ": -0.07730277542989406, "taff": -0.031353558027709116, "sion": 0.03656560299779654, "logi": -0.08037080802679863, "^res": 0.016831570485561276, "rvis": 0.07614397678748608, "ruct": -0.05513064824746916, "ruck": 0.11592969556599808, "^reg": -0.12031683498472123, "rvic": 0.07661467305032277, "l co": -0.02219871385285188, "^off": -0.023418299283566313, " sup": -0.0009840685943793837, "dire": -0.3358159449790392, "tati": 0.028737303867315322, "ofes": -0.09950470004504908, "uppo": 0.0018419099048201382, "rect": -0.2931765535974047, "care": 0.1093374661137041, "ces ": -0.023658180315900168, "ces$": -0.07139242930161904, " ass": 0.025273675884380786, "itor": 0.02107498585445322, "^sr ": -0.17421344959150842, "oper": -0.012464854355774158, "velo": -0.12066130878417392, "acco": -0.1791027151434199, "r of": -0.2432319766359825, "dina": -0.03906468460755175, "etin": -0.005109511052364901, "echn": 0.014880763100908467, "se m": -0.05567915897519793, "twar": -0.2513384668865868, "ity ": -0.02094189853686368, "ate ": -0.13100351927389076, "ring": -0.11219607732866921, "rinc": -0.20603372069897796, "^rn$": -0.11628791443730524, "e of": -0.09636184935063019, "^tea": -0.16476578540444642, "lega": 0.003941125288466463, "^tec": 0.039571055365015706, "icia": 0.056182618867314016, "urit": 0.05702809071639292, "ech$": 0.09955058184192866, "ssor": -0.16766887000122077, "para": 0.07019187625735412, "ftwa": -0.2510460423069776, "ocia": -0.1447169585195769, "uper": 0.062390237710929775, "qual": -0.0687919230946572, "rogr": -0.16312127950623667, "part": -0.08830585739149299, "erk$": 0.040517013783355704, "orne": -0.2066863724420176, "peci": -0.11558053004257207, "tive": -0.08300363807554145, "sign": -0.1334289292459152, "serv": 0.12446084520586709, "l ma": -0.05593810458371529, "ed n": -0.05765229230512192, "nstr": -0.038606062935843344, "onal": -0.07080248948555257, "^sys": -0.12975510579608107, "e di": -0.15874366496002024, "tion": -0.09434394892415465, "xecu": -0.14102518795085084, "mini": -0.1635879134115834, "emen": -0.13402913600295152, "sult": -0.0985221286809983, "ager": -0.06792641019348755, "neer": -0.3053758638101498, "ess ": -0.11168228989762419, "agem": -0.09924406424226273, "enio": -0.30000268095365357, "ista": 0.0485436448166805, " ana": -0.19517993322886706, "iste": -0.06967070761671623, " and": -0.10609962918426952, " ins": -0.06779921835741476, "arke": -0.027487301748073456, "atio": -0.13036758060524267, "istr": -0.11629132982331125, "rati": -0.0876120769401405,