{"cccc": -0.0073170413769156895, "CCCC": 0.0887714490727336, "cccp": -0.1265501303561467, " ccc": 0.13221247147844073, " Ccc": -0.16066610494844813, "c cc": 0.09841751450137926, "ccc$": -0.0024357931430030177, "^Ccc": -0.05153618199781951, "C CC": 0.06409814621839649, "Cccc": -0.0655688673339534, "cc c": 0.09806949771421714, "ccc ": -0.07500198990559426, "^ccc": 0.217166923248588, "CCC$": 0.05672245557109035, " CCC": -0.0014054691481333315, "CCC ": -0.0015585006655252087, "c Cc": -0.15750783091297427, "cc C": -0.1592744740730856, "CC C": -0.10218231174560266, "^CCC": 0.05165392527818646}