{"cian": 0.03597767420410092, "cial": -0.09522341393689437, "ck d": 0.07977999858723583, "ciat": -0.08848321152216876, "ver$": 0.17545827905622513, "^gen": 0.025487610337761257, "e pr": -0.23314788942725517, "seni": -0.1921265280569031, "^man": 0.1459384342879031, " tec": 0.02106156894302469, "inis": -0.06631771326074576, " dev": -0.07502730056000795, "spec": -0.10380227753349613, "sent": 0.02286765194339635, "coor": -0.055579646188285814, "utiv": -0.10573552187176993, "gine": -0.19940362590234173, "ical": -0.041899293425476714, "ojec": -0.14427377037322975, "^eng": -0.07169074878911097, "der$": 0.05552945494755335, "ccou": -0.11024614127618104, "per$": -0.09260704730184388, "list": -0.0942116541185345, "anag": -0.05200711172751893, "teac": -0.08017003066400274, "anal": -0.12284574876714682, "rse$": -0.04416293980312247, "enta": 0.0027640145002063576, "cher": -0.06976584275460906, "her$": -0.05954287813168424, "ler$": 0.1391168616680578, "rato": 0.022446339159140294, "oord": -0.052745782504366456, "port": -0.012364911997937433, "ctor": -0.16982454933361213, "evel": -0.07947691202575058, "ordi": -0.05903864670206138, "ion$": 0.032057043558237464, "chni": 0.02086210061016791, "usin": -0.10355270034369335, "nsul": -0.07594493376014633, "urse": -0.09985725663239631, "ent ": -0.10407323620620446, "admi": -0.07076107059835124, "^mai": 0.006727144565432663, "ior ": -0.18707821842697614, "^ins": -0.012908506250803864, "rdin": -0.06576796149331354, "sing": -0.052860849553808986, "sine": -0.0954149229012704, "lerk": 0.04488026570629389, "hnic": 0.017244028132932687, "gent": 0.04978519867072384, "^cus": 0.10564268405050825, "t ma": -0.07228555910407053, "ve a": -0.06445544515628177, "gene": 0.00855259212459325, "rive": 0.12068672799819735, "duct": -0.058311912577838854, "enan": -0.049805172743973, "sor$": -0.00042763495758713077, "g ma": -0.1469563118494639, "offi": -0.057422791428700215, " coo": -0.05229523613687004, "pera": 0.049977138594506254, "^sal": 0.09175052011469242, " pre": -0.12225255548834202, " pro": -0.1809850623482605, "inee": -0.19737802107962654, "ices": -0.021081059718011552, "icer": -0.042621023163222915, "perv": 0.011227087014137993, "ines": -0.09007443663680359, "pres": -0.09910446462428624, "ian$": 0.05022177465188271, "re m": 0.08588421722392692, "oduc": -0.09915383954372681, "red ": -0.0864711006764125, "ware": -0.009368618365976467, "ger ": -0.09569528604652477, "ice ": -0.08649278018707918, "ger$": -0.026745130834430864, "hous": 0.07875598957155105, "ory ": -0.09671601719229184, "work": -0.03867054795685476, "and ": -0.06451041029881566, "iona": -0.08700917512848116, "cal ": -0.05594516945002992, "alis": -0.0881181977683303, "or o": -0.18062004574019852, "^fin": 0.004571399303842316, "ions": -0.07540592371919974, "^pro": -0.16008666065167088, "e as": -0.044921394641325385, "chin": 0.11546328386011862, "rodu": -0.09943264095058257, "es m": 0.05114168852243983, " of ": -0.19171594685438764, "velo": -0.08346813738516445, "ion ": -0.07318529822654396, "inst": -0.008171396201163361, "^adm": 0.010473430379413173, "irec": -0.21379031041807384, "ller": 0.03292772387242149, "ulta": -0.08119753698667065, "deve": -0.0853306850631319, "ient": -0.02386857143520249, "secu": 0.045755956862265634, "omer": 0.13364599446663705, "stra": -0.12589710055734926, "ener": 0.01570198736858197, "cuti": -0.1096754638749804, "ncia": -0.01325052498010626, "tore": 0.08114036291119353, "roje": -0.14476367243581567, "^it ": -0.09899071608079879, "dina": -0.0629478198504847, "nt m": -0.013256819322704949, "inat": -0.06630508558207993, "ter$": -0.025657842078834037, "^ser": 0.11734280497811778, "ter ": -0.05259230633393486, "^sen": -0.17924427560556255, "ntro": -0.100473985415785, "esen": 0.01793063689403329, "ker$": 0.0711896014201705, "main": -0.013784028406456539, "tory": -0.06265301210259899, "^sec": 0.05223240804041085, "cust": 0.1155630422639553, "anic": -0.021164564505516292, "pmen": -0.03017916756771344, "tor$": -0.018931702832279296, "orke": 0.021550701122106997, "tor ": -0.23230432557659286, "ject": -0.14794249569931006, "tere": -0.10017262446563002, "ales": 0.07272773283505973, "trat": -0.1326895245016333, "each": -0.0713009511804783, "olic": -0.03634205886384256, "side": -0.1721487547996281, "edic": 0.041676599022489214, "iden": -0.1741791985535066, "ecia": -0.08978147665999048, "^acc": -0.07823874828688693, "logi": -0.06840531239694592, "rvis": 0.011795768927644446, "ruck": 0.08434085128710223, "^reg": -0.1288987313436225, "rvic": 0.03807063855214654, "^off": -0.029208497165034597, " sup": -0.052503016699859906, "dire": -0.2143238837333845, "tati": 0.031025949426652932, "uppo": -0.03301947020757323, "rect": -0.20080142833670855, "ontr": -0.12121102946336526, " ass": 0.013968481592467885, "^sr ": -0.12854756661560307, "oper": 0.007994357672107544, "echa": -0.02668609653234366, "acco": -0.11145314582753585, "r of": -0.1987984156003022, "ranc": -0.035403422779496374, "echn": -0.012139640061977097, "enio": -0.19177321952003457, "ity ": -0.014783885028580634, "ate ": -0.11393998979926678, "^rn$": -0.1145751354575193, "e of": -0.06815517821439654, "^tea": -0.08547988030665676, "lega": -0.005529031394150952, "^tec": 0.024854124561229707, "urit": 0.051066693917429795, "ech$": 0.07374871397545224, "ocia": -0.0699237968593569, "uper": -0.006738006857451406, "rogr": -0.18856660031520267, "elec": 0.02537179524081168, "erk$": 0.004563258977258844, "peci": -0.08884861478129213, "tive": -0.06646454352619413, "serv": 0.08588621389248852, "l ma": -0.04519350652436094, "ed n": -0.08359401061934069, "ank$": 0.1365003789059518, "onal": -0.06750401964187525, "tion": -0.08585552341964853, "xecu": -0.10962440209312652, "mini": -0.12697028209739125, "emen": -0.1163903500691581, "sult": -0.08593510002535343, "lice": -0.026885655037296008, "neer": -0.1928862522292376, "ess ": -0.04556358085440548, "ista": 0.019047661059211407, " ana": -0.14640744134990813, "iste": -0.10131674089791742, " and": -0.08434428596068866, "arke": 0.03564296743374307, "atio": -0.08993616070484212, "istr": -0.09070127581146803, "rati": -0.07096674909414613, "ativ": -0.019031083793164427, " spe": -0.08743606207013466, "onsu": -0.0999240171649598, " eng": -0.1941823063262036, "rket": 0.03632200362685767, "exec": -0.11322581354284944, " wor": 0.0032374388016318534, "cer$": -0.056593278002326386, "regi": -0.11921554996956552, "sist": 0.02611468032530917, "viso": 0.019808455000922542, "anci": -0.011251976997767255, "ist$": -0.060458402871117034, "ons ": -0.031215842004641114, "epre": 0.02915682269150821, "ance": -0.03277595923771326, "ons$": -0.07087805407487213, "dent": -0.14798562327427156, "tech": 0.019713824720745343, "ssoc": -0.08765168207952856, "nanc": -0.041536383782474484, "ectr": -0.014364598617334856, "trol": -0.11832239214674445, "mer ": 0.09123827883989222, "r se": 0.08793457483212119, "nage": -0.04812603966322193, "fina": -0.021748920870554578, "ecto": -0.20347222236762308, "ecti": 0.014531223600505072, "aint": -0.015348729620721535, "dica": 0.043544735493673326, "ment": -0.09750593553968923, "ssis": 0.024926440736121158, "d nu": -0.08598665951437523, "busi": -0.09346018814516865, "naly": -0.12218440981300915, "syst": -0.15866581471847052, "repr": 0.020979769044762175, "stor": 0.03291259347353703, "iate": -0.0759104892821929, "stom": 0.12861491515582157, "^own": 0.08633170109109178, "ect ": -0.12374225095667102, "ngin": -0.2024395492505766, "nal ": -0.12102253537298635, "egis": -0.08847426671937697, " lea": -0.045838687583792836, "^ope": 0.039209485562165636, "gram": -0.1793371624848703, "nist": -0.068744722854714, "ogra": -0.17487794627476205, "cler": 0.05201247694289535, "ng m": -0.16126803201407114, "ent$": -0.11606709942578375, "rity": 0.04322485348636507, "tena": -0.0471167729834856, "^par": 0.02281091847575123, "tend": -0.004886224447926857, "man$": 0.08969026039266348, "ered": -0.10258107152302198, "rese": -0.029262482472010465, "ram ": -0.19267354417795968, "ort ": -0.027131382773741386,