{"c cc": 0.14177981494019587, "ccc ": -0.09114777365312143, "ccc$": -0.005151138983968906, " ccc": 0.1848849431799069, "p Cc": -0.29993763607852575, "^Ccc": -0.06474988027795314, "C CC": 0.08674582153810739, "Cccc": -0.08001164469524369, "CCC ": 0.042778551583845026, "CCC$": 0.08082264561263885, " Ccc": -0.1956759150744416, "CC C": -0.10038564587279275, "^ccc": 0.2840393817220983, "cccp": -0.12885031405469416, "CCCC": 0.11595029697382842, "C Cc": -0.25839567129515917, "cc c": 0.14235003992075468, "^CCC": 0.08861894579164709, "cccc": -0.009400205008573526, "c Cc": -0.19321648281834447, " CCC": 0.020165546631850884, "cc C": -0.19501749408103075}