{"^sto": 0.07016047493428434, "^sta": 0.023894430938184108, "cian": 0.07195653732510143, "cial": -0.15561761587350942, " des": -0.049136203961011926, "ck d": 0.11420317782597778, "ciat": -0.16519274163083075, "ver$": 0.25377731407878645, "^gen": -0.012613463747740195, "e pr": -0.3466831853880148, "seni": -0.2948841785131999, "inic": -0.09147764720099305, "^man": 0.16607171299016876, "r co": 0.016172736978689706, "trol": -0.13371808941990304, " tec": 0.057497409897884655, " tea": -0.02604116808581347, "inis": -0.06168661723529878, " dev": -0.10793729818376585, "spec": -0.12614214869759532, "sent": 0.021360222006406637, "coor": -0.01778039648444052, "comm": -0.07198823602838367, "utiv": -0.15114329718853803, "icat": -0.09571285946180019, "gine": -0.31194181805248755, "ical": -0.06272347790091448, "ojec": -0.21889481241641473, "rney": -0.17739465618681205, "der$": 0.0729487389678738, "ccou": -0.16998126144028936, "hous": 0.13753392675381892, "list": -0.11235689086810163, "iter": -0.011496877730113209, "anag": -0.08171101555653415, "teac": -0.1404436614253477, "anal": -0.16093111067664623, "rse$": -0.04189290721019834, "enta": -0.02996803298184325, "cher": -0.11870264646552009, "her$": -0.11454123822775264, "ler$": 0.07568170565268106, "rato": 0.04544359314495594, "oord": -0.01843144624597448, "port": 0.015429773765571309, "ctor": -0.25160520025205946, "evel": -0.1137776938042312, "ecto": -0.30701224824308726, "ordi": -0.02082065447609649, "ion$": 0.028121169346297492, "chni": 0.05375023718985439, "chno": -0.1067213798918547, "usin": -0.15322323144976124, "nsul": -0.10388991016659732, "urse": -0.13354682192351452, "ent ": -0.1372849509144083, "admi": -0.09210965998409071, "^mai": 0.08383754530935139, "hera": 0.0534246749447691, "iona": -0.09485497333505499, "ior ": -0.2948074715912945, "^ins": -0.0037893286907197954, "rdin": -0.02946935001907347, "sing": -0.035952906051209155, "sine": -0.14809562153006617, "lerk": 0.08684270058443921, "hnic": 0.05405691285890901, "alit": -0.08400964927821608, "gent": 0.042298364151173384, "^cus": 0.1606600349655518, "t ma": -0.11826250782583436, "ve a": -0.05081903716316827, "gene": -0.027240502563467217, "rive": 0.21149421537984292, "duct": -0.06500968157266218, "enan": -0.013307817431356117, "sor$": 0.024629485365011305, "g ma": -0.2069402202692432, "offi": -0.022982972881908648, " coo": -0.024457347004469554, "^vic": -0.19037288645937034, "pera": 0.041824816082762784, "^sal": 0.12985693950601584, " pre": -0.19448128682693744, " pro": -0.2330208582496236, "inee": -0.3096260692089503, "ices": -0.045461837276838946, "icer": -0.00588348051957821, "perv": 0.07850813809384416, "ines": -0.15100423084079173, "pres": -0.1545406661843569, "ian$": 0.08412856721513196, "re m": 0.060663970898017894, "ontr": -0.12246550418966207, "oduc": -0.12630837702849584, "red ": -0.04597113259575414, "ware": -0.09295442829946765, "or s": -0.06504640858569966, "ger ": -0.1523224811656001, "ice ": -0.07289276035720071, "ger$": -0.052619591198638016, "per$": -0.07320867619315585, "ory ": -0.010538810094329776, "ine ": 0.08898047325715241, "work": -0.00046166783587286986, "oftw": -0.25782190556766915, "and ": -0.0876968863771963, "or a": -0.12598056370231125, "s co": -0.0031083369237525638, "cal ": -0.06886651161328983, "t pr": -0.1406364491943104, "alis": -0.12950075410818362, "or o": -0.2206757449246295, "^fin": -0.09101696105069745, "ions": -0.12326411258973158, "^pre": 0.0018054754227341263, "^pro": -0.1698656888978931, "rapi": 0.056062753516763486, "e as": -0.005308850584428093, "chin": 0.18733239671826762, "rodu": -0.12654764157895038, "chie": -0.11555650024950292, "ilit": -0.026012564283162565, "tal ": -0.055180234211195334, "es a": 0.039337209562263276, " of ": -0.24028885203961625, "ion ": -0.060427756698163915, "inst": -0.026114791799246806, "^adm": 0.048225008881671805, "arch": -0.20838337821653985, "irec": -0.3408672773742225, "ller": -0.010620402629191616, "ulta": -0.08515361120318321, "ice$": 0.10972407954366536, "deve": -0.12219557480703802, "ient": -0.05689409621459962, "stru": -0.05056505042259296, "secu": 0.05775319112470623, "omer": 0.17701047658318192, "stra": -0.1503009816839005, "ncip": -0.20918346235736696, "ener": -0.01660935735926916, "echa": -0.04425400007731373, "cuti": -0.15146873092482105, "ncia": -0.10970255020976882, "gion": -0.15228175233809615, "^eng": -0.12221910607807152, "tore": 0.0690100413657877, "roje": -0.21930349207509892, "^it ": -0.11467987176977035, "ranc": -0.028824131533196518, "nt m": -0.004184110674809283, "nt c": -0.03367789834363588, "inat": -0.02364172580502588, "torn": -0.20740545405820932, "^ser": 0.1821268828877498, "ter ": -0.07381860713834065, "^sen": -0.28415323033872664, "ntro": -0.12912507663545902, "nt s": -0.008641422519342079, "ker$": 0.1241381316486776, "main": 0.04019837825425965, "tory": 0.0014198227825383825, "^sec": 0.07340452081536775, "es m": -0.007416507117364635, "cust": 0.1602166974295507, "anic": -0.036914569832760424, "les$": 0.07806288158059882, "pmen": -0.02417137396609137, "ther": 0.05393807005105744, "tor$": -0.046435264347900684, "orke": 0.07217656936941186, "tor ": -0.2932886123480629, "ject": -0.21846503326209943, "tere": -0.0607319986741377, "trai": -0.04587909962660097, "ales": 0.08996030994726478, "trat": -0.15457966659649802, "ttor": -0.20872314329846553, "each": -0.13000541049803305, "olic": -0.07037105883315187, "side": -0.27078594398546585, "edic": 0.07032448382876133, "iden": -0.28817332574719545, "ial ": -0.08147655095840323, "taff": -0.029356590935714078, "sion": 0.0322874921916072, "logi": -0.07969238458680117, "^res": 0.016672741921639922, "rvis": 0.07604311709973777, "ruct": -0.05331271522111347, "ruck": 0.11820500078646523, "^reg": -0.11662077049280484, "rvic": 0.08331138917070602, "l co": -0.020457889544232444, "^off": -0.023851825874594557, " sup": -0.003407306891697548, "dire": -0.3409668888232682, "tati": 0.03559122174348062, "ofes": -0.10475873972473515, "uppo": -0.007182205732935376, "rect": -0.2986304100016577, "care": 0.10811386422895142, "ces ": -0.02208035464538982, "ces$": -0.06476597191937694, " ass": 0.025168959072022545, "itor": 0.03037679173597141, "^sr ": -0.17627919148246507, "oper": -0.008981717485757823, "velo": -0.12617689608419358, "acco": -0.17083010018830214, "r of": -0.24457467078519413, "dina": -0.02646105273191557, "etin": -0.005372775791684603, "echn": 0.009137609864493967, "se m": -0.05952289679952161, "twar": -0.25811433014727836, "ity ": -0.023394903655737487, "ate ": -0.14288799482822157, "ring": -0.11890581066206085, "rinc": -0.21087133215704013, "^rn$": -0.11082734123013172, "e of": -0.09324783954593752, "^tea": -0.15156451774811552, "lega": 0.009237991528129097, "^tec": 0.0373956241139668, "icia": 0.059078594554094366, "urit": 0.06448460153533864, "ech$": 0.09695449820604152, "ssor": -0.1670309107202721, "para": 0.07084120589150134, "ftwa": -0.25782190556766915, "ocia": -0.1519919112806476, "uper": 0.06097013787153838, "qual": -0.07184791787728129, "rogr": -0.17124209705262183, "part": -0.08320206347601422, "erk$": 0.037890252221952636, "orne": -0.2083938789374069, "peci": -0.11277474262772325, "tive": -0.08075915671754963, "sign": -0.12881508648978057, "serv": 0.13020145219897872, "l ma": -0.056987687883752525, "ed n": -0.053724625779837165, "nstr": -0.037855899391926684, "onal": -0.07629287095733694, "^sys": -0.12673058570962503, "e di": -0.16442917366439103, "tion": -0.09036513027148452, "xecu": -0.14608248889904152, "mini": -0.15204140147093526, "emen": -0.13626527117885878, "sult": -0.10283920430200455, "ager": -0.07115962758390815, "neer": -0.30575764090282975, "ess ": -0.12004580857320013, "agem": -0.10122066255318218, "enio": -0.2942140684933974, "ista": 0.04884475437135549, " ana": -0.20351542210068452, "iste": -0.06160615052848728, " and": -0.11167093253379967, " ins": -0.07970736916762178, "arke": -0.03243733821218164, "atio": -0.12286739795506563, "istr": -0.1034963244031073, "rati": -0.07452356021227846,