{"c cc": 0.1417045433167572, "ccc ": -0.09085983069448256, "ccc$": -0.005070298379955762, " ccc": 0.18350831421107605, "p Cc": -0.29098373578565573, "^Ccc": -0.06474045396824657, "C CC": 0.09065986779275148, "Cccc": -0.08017269690423579, "CCC ": 0.04351146927388427, "CCC$": 0.08367809072724963, " Ccc": -0.1949983425806372, "CC C": -0.1006432554226695, "^ccc": 0.28377881497379587, "cccp": -0.13432972085275408, "CCCC": 0.11480026473471039, "C Cc": -0.260090165662878, "cc c": 0.14233596357021616, "^CCC": 0.08853417475144054, "cccc": -0.009433081211845717, "c Cc": -0.1925666429893811, " CCC": 0.022882871765682822, "cc C": -0.1942636945473084}