{"C p ": -0.1214433320237398, " ccc": 0.15868448774348787, "C CC": 0.07053311967906062, "c p ": -0.12126616020006509, "Cp C": -0.47635067840754175, "ncc ": -0.03771882931038961, "  Cc": 0.14309978872812357, " Ccc": -0.20301105707863165, "c pC": 0.1591226288494978, "CCpC": 0.1899877439913249, " p c": -0.0055989176049049405, " cc ": -0.26082103832273695, "cCcc": -0.05437378245852198, " p C": -0.1713223111437321, " Cc ": 0.0020377247472813664, "^ccc": 0.2698593520744188, " pCc": 0.20609663397422917, "^Ccp": -0.40354520661031, "CC p": -0.05182735273127825, " CC ": -0.20823753208595974, "CpC ": 0.19493208154620856, "CC c": -0.1598447972582333, "p Cc": -0.36854566126538746, "^Ccc": -0.05344680572761318, "ccCc": -0.05674136753370762, "^CC$": -0.026378409915525314, "^CC ": -0.3196545419325494, "CC C": -0.13803567601425693, "p CC": -0.3061022848046191, "c n$": 0.33314035064334613, "cc  ": 0.00780561913444533, "CpCp": 0.019884021687308184, "cc p": -0.11093171430743709, "cc n": 0.2147177814081691, "^Cc ": -0.17677329001261421, "cc c": 0.11741125501363081, "^CCC": 0.07536683193011928, "n Cc": 0.08848580601580025, "^CCp": -0.057360460281162595, "^cc$": -0.24254423903147648, " CCC": 0.019683519566258134, "^cc ": 0.3260002681611991, "cc C": -0.2010739965793258, "pCp ": 0.07696266745746216, "ccpC": -0.23655680627916853, "c cc": 0.11642437143553286, "ccc ": -0.10234638341631319, "CCp ": -0.585155927638072, "ccc$": -0.0043214252193348734, "Cc C": -0.12194659289159926, "cpCC": -0.3425128762362668, "c C$": 0.0638667430811779, "pCcc": -0.25712142378470704, "ccpc": 0.2894576682010199, "CpCC": 0.41533658684523633, "CpCc": -0.6947318053212261, "Cc c": -0.025846826408758794, "p cc": -0.04896895449984262, "cpCc": -0.23774517656398375, "cccp": -0.16964749881828212, "pccc": 0.26626543678713244, "c CC": -0.3604083071373192, "cccc": -0.011761063545594919, "ccp$": -0.23925553277673295, "ccp ": -0.42686993597753986, "c Cc": -0.20096375934832933, "cccC": 0.00910519826387901, "cp C": -0.45003237423671427, "pC C": 0.16003608888693277, "C Cc": -0.35770496273868524, "CCcc": -0.14999525593221819, "^Cpn": -0.10410185279126871, "cpc ": -0.04649994412629832, "Cccp": -0.3277905525551894, "cp c": -0.09360758253282953, "Cpn$": -0.03748093278639075, "Cccc": -0.0694672703242496, "CCC ": 0.0007794009425508008, " CC$": -0.2595843539066056, "^CpC": 0.09601477601836272, "CCC$": 0.09286787525340356, "Ccp ": -0.35477155645921377, "CCCC": 0.09735707079490252, "cpcc": 0.3177648074341586, "CCCp": 0.06335398562741279, "pCCC": 0.21393253648575072, "pc C": 0.01436438196905021, "C cc": 0.08088745062634572, "Ccc ": -0.15072960486202192, "Ccc$": -0.002731055301077312, "^CCc": 0.08335246555623321}