{"cian": 0.07570035481286785, "cial": -0.2585516063155162, "ciat": -0.10932742499900128, "ver$": 0.20408546850715403, "^gen": -0.1419027653953182, "e pr": -0.26150427077242666, "seni": -0.3046086510351924, "^man": 0.12245515514350558, " tec": 0.06441059307404551, "inis": -0.1455138517075767, " dev": -0.04065355319409747, "spec": -0.18704130432818333, "coor": 0.04401601361732377, "utiv": -0.05227262845598046, "gine": -0.3563257720070365, "ical": -0.014784365974148894, "ojec": -0.16293876486170333, "^eng": -0.03687333356349898, "der$": 0.1915562616428388, "ccou": -0.2003341348216261, "list": -0.2496048729408047, "anag": -0.1201717709969432, "teac": -0.14495067113624271, "anal": -0.06921175622850306, "rse$": -0.046274844720486374, "enta": -0.1689034752874119, "cher": -0.11939523044176648, "her$": -0.10687210054403495, "ler$": 0.1692008243441654, "rato": -0.017152309615420247, "oord": 0.04147269277814347, "port": 0.028722205141932022, "rati": -0.10685919558393797, "evel": -0.09576392546954704, "ordi": 0.05326800550502142, "chni": 0.09755409818134186, "usin": -0.09611299318440736, "nsul": -0.07979408141312438, "urse": -0.16664052452678435, "ent ": -0.11587592899168486, "ent$": -0.18279907337245405, "^mai": 0.043618059777719154, "ior ": -0.2999543511712548, "rdin": 0.039424239432000796, "sing": -0.15527712626809054, "sine": -0.08015264327938665, "lerk": 0.04469029728279805, "hnic": 0.0958393057899718, "^cus": 0.20501624221852932, "t ma": -0.1129030029208491, "ve a": 0.023737648763139774, "gene": -0.11455829956016483, "rive": 0.20752849114442729, "duct": -0.08404822180142091, "enan": -0.04614874453720352, "sor$": 0.09084910293459281, "g ma": -0.47248321241030844, "offi": 0.0010363781757183332, " coo": 0.021604872468873104, "pera": -0.025649323793536016, "^sal": 0.1945723027774675, " pre": -0.1701100130155857, " pro": -0.23814084144968684, "inee": -0.35350021283334243, "ices": -0.21684711947674806, "icer": 0.040562049808023914, "perv": 0.13687779413025236, "ines": -0.09281866684455942, "pres": -0.23175033464250072, "ian$": 0.12686089133695821, "oduc": -0.1966074113173164, "red ": 0.05014739723971173, "ware": -0.16117922291250686, "ger ": -0.12333045350992355, "ice ": -0.1036226472839954, "ger$": -0.07856062025521604, "per$": -0.07144952931274462, "ory ": -0.037972714717462, "work": -0.13100779283455255, "oftw": -0.45857839504457454, "and ": -0.06780526117504548, "iona": -0.21238365384392432, "cal ": -0.028010766355237582, "alis": -0.2530951737974405, "or o": -0.2570310263817448, "^fin": -0.08914601510630549, "ions": -0.22167687759435317, "^pro": -0.12872480908879202, "e as": 0.12056483896544856, "rodu": -0.21372715651829477, "es m": 0.039036868095433164, "velo": -0.070194983116179, "ion ": 0.018519117060420864, "^adm": 0.03966221063448083, "irec": -0.25956260501873185, "ller": -0.1652127515810129, "ulta": -0.069495943264275, "deve": -0.0734258688738123, "omer": 0.2193196435840905, "stra": -0.18747964438346587, "ener": -0.09861873256014375, "cuti": -0.041753365507035234, "ncia": -0.18153017617481026, "roje": -0.16358819139138214, "^it ": -0.18674631939852704, "dina": 0.05028578848986953, "nt m": 0.03351518203579262, "inat": 0.07229626102103692, "ter$": 0.05939709230892509, "^ser": 0.08872162140533923, "ter ": 0.047125857843846486, "^sen": -0.30139073044005604, "ntro": -0.20179249666957322, "nt s": -0.06034561390781956, "ker$": 0.09520997464589342, "main": -0.03253638844281248, "cust": 0.20943984274855287, "anic": 0.07764871274210572, "pmen": 0.060272988005880546, "tor$": -0.012669534222043755, "tor ": -0.3378073845766578, "ject": -0.1687691037850656, "tere": 0.0421448553754864, "ales": 0.13833088940734983, "trat": -0.1946325713476651, "each": -0.13566242786808225, "olic": -0.21156206231015906, "side": -0.304809770200019, "edic": 0.10296673491584896, "iden": -0.39591111199175666, "ecia": -0.19016709401822673, "^acc": -0.17785043915720022, "logi": -0.030844861437347326, "rvis": 0.1350313850017013, "ruck": 0.04751111269701669, "^reg": -0.0505590474929547, "rvic": 0.040185741934745334, "^off": 0.06273965108071389, " sup": 0.023102628259453528, "dire": -0.2601389214485268, "tati": -0.04327247203222484, "uppo": 0.06354474907749408, "rect": -0.23409045437960696, "ontr": -0.2460988721588393, " ass": 0.05907705105527761, "^sr ": -0.3274682425080888, "oper": -0.05808441947661258, "echa": 0.059959832125262125, "acco": -0.2028740843003467, "r of": -0.2682792762375765, "ranc": -0.05437081106964259, "echn": 0.08748781804765304, "enio": -0.30381703825976736, "twar": -0.45857839504457454, "ity ": -0.06733086212288963, "ate ": -0.03595620507854802, "^rn$": -0.0631942238990768, "e of": -0.11093574548055685, "^tea": -0.15362657026820647, "^tec": 0.08320829940638674, "ech$": 0.048160159898222865, "ftwa": -0.45857839504457454, "ocia": -0.12326599930505289, "uper": 0.08099899153099077, "rogr": -0.20496480827426655, "elec": -0.04510605858053918, "erk$": -0.004067731396705021, "peci": -0.19601467757558222, "tive": -0.09108415855490515, "serv": 0.05948750875266562, "l ma": -0.2413874731510388, "ed n": -0.039557571875726616, "ank$": 0.24388208434663206, "onal": -0.18319941393147632, "tion": -0.10553455699959846, "xecu": -0.036595829972302596, "mini": -0.24194916860750482, "emen": -0.2779317928567173, "sult": -0.0916292735659856, "ager": -0.09760977854578545, "neer": -0.34038302376658125, "ess ": -0.108118124732282, "ems ": -0.2610054226226364, "ista": 0.006843681443174265, " ana": -0.07573743931631416, "iste": -0.012395294980629856, " and": -0.13384509367994335, "arke": -0.25334547755983206, "atio": -0.17474789041872674, "istr": -0.1058612426112524, "ctor": -0.20538553622156686, "ativ": -0.09455992340724606, " spe": -0.25877449629339777, "onsu": -0.09825799645962219, " eng": -0.40560211230567367, "rket": -0.25045491213436, "exec": -0.06572822657559474, "cer$": 0.020522129463075522, "regi": -0.032620000895142276, "sist": -0.006054131443842703, "viso": 0.12871480879163055, "anci": -0.20139570343889224, "ist$": -0.16773426132086255, "ons ": -0.11039251194769406, "ance": -0.01664025659935975, "ons$": -0.23334868269059017, "dent": -0.2731569549861472, "tech": 0.06901713119305164, "ssoc": -0.11207675177047349, "nanc": -0.17234895945268702, "ectr": -0.13964332586173622, "trol": -0.23875143774939822, "r se": 0.2661461372061895, "nage": -0.11689552370328249, "fina": -0.18418618398712905, "ecto": -0.2185853926797856, "ecti": 0.03145988170079006, "aint": -0.0070120701679528, "dica": 0.029045834581209462, "ment": -0.199878322913972, "ssis": -0.0073663872263693975, "d nu": -0.04948448674038408, "busi": -0.07708451542917905, "naly": -0.07724677061413754, "syst": -0.3034402803204608, "stor": -0.12224650612140975, "iate": -0.09446506824296597, "stom": 0.21138970978759053, "ect ": -0.17230179093957965, "tems": -0.322114668260328, "ngin": -0.35773579580384185, "nal ": -0.24796897791949846, "egis": 0.030912090003845094, " lea": -0.11695335256457673, "^ope": 0.029531097331674694, "gram": -0.184286987914696, "nist": -0.07408794561455068, "ogra": -0.15081226827730898, "cler": 0.03603995667359472, "ng m": -0.4933974097346203, "admi": -0.18964290804277928, "tena": -0.0518629901318044, "tend": -0.12073831219276787, "man$": -0.04020031000630331, "ered": 0.04345801573343833, "coun": -0.23907541584693792, "ram ": -0.21197014344260934, "ort ": -0.0547365808150273, "isor": 0.13007879833281377, "dmin": -0.2234835466647107, "ing$": -0.07326425626915078, "ing ": -0.27024775520876165, "mana": -0.12027867304676976, "s ma": -0.027340620726818976, " man": -0.18549853595115096, " off": -0.009035873036213005, "esid": -0.3907608882189111, "ffic": -0.004918176966715038, "poli": -0.21751905126673332, "inan": -0.16691110931135977, "ive ": 0.003997423748814732, "ive$": -0.20884074140650943, " nur": -0.14487772912774766, "mark": -0.2523828580125027, "ting": -0.2920056771607076, "ntan": -0.04092845042255533, "gist": 0.01309487036015966, "alys": -0.06360306687244366, " rep": -0.08964785819006682, "ead ": -0.0785154719015928,