{"cp C": -0.3166703396024806, "c cc": 0.1303133127920555, "ccc ": -0.09182430273324993, "ccc$": -0.004459924071920529, " ccc": 0.17329278171455842, "p Cc": -0.31448512967296915, "^Ccc": -0.06306827815914273, "C CC": 0.11158530741432049, "Cccc": -0.07787781401229044, "CCC ": 0.056528487816546846, "CCC$": 0.08260001693357077, " Ccc": -0.19382660774697813, "^CC ": -0.2549698003511849, "CC C": -0.0873990830148701, "^ccc": 0.2739822428052414, "cccp": -0.14526195981408963, "CCCC": 0.12367271558029325, " cc ": -0.23817003784042612, "C Cc": -0.27703587957445563, "cc c": 0.13089056516350528, "^CCC": 0.09003962243862329, "cccc": -0.009609337144998342, "c Cc": -0.19166043562085022, " CCC": 0.04102213372572194, "cc C": -0.1927800396608852}